"","loja","pk_pedido","pk_pedido_item","produto","fk_categoria_unificado","fk_usuario","fk_perfil_usuario","desc_perfil_usuario","dta_inc_pedido","fk_produto_unificado","qtd_itens","total","desc_cidade","desc_estado","uf_estado"
"1","Atual Card",8825479,13602976,"Fotos Couchê 250g Verniz Total Frente 10x15cm | 14,9x9,94 cm - 4x0 - Couchê 250g - UV Total Frente - 1un",29102,236798,6,"Cliente","2021-03-22",435719,20,15.4,"SAO PAULO","São Paulo","SP"
"2","Atual Card",8834353,13616395,"Fotos Couchê 250g Verniz Total Frente 10x15cm | 14,9x9,94 cm - 4x0 - Couchê 250g - UV Total Frente - 1un",29102,74965,25,"Agente Oficial","2021-03-24",435713,5,4.4,"CURITIBA","Paraná","PR"
"3","Atual Card",8844526,13631455,"Fotos Couchê 250g Verniz Total Frente 10x15cm | 14,9x9,94 cm - 4x0 - Couchê 250g - UV Total Frente - 1un",29102,324421,6,"Cliente","2021-03-25",435716,11,9.02,"CURITIBA","Paraná","PR"
"4","Atual Card",8851756,13642462,"Fotos Couchê 250g Verniz Total Frente 15x21cm | 15x21 cm - 4x0 - Couchê 250g - UV Total Frente - 1un",29099,11959,6,"Cliente","2021-03-27",435695,5,8.8,"MONTE VERDE","Minas Gerais","MG"
"5","Atual Card",8851756,13642465,"Fotos Couchê 250g Verniz Total Frente 15x21cm | 15x21 cm - 4x0 - Couchê 250g - UV Total Frente - 1un",29099,11959,6,"Cliente","2021-03-27",435695,5,8.8,"MONTE VERDE","Minas Gerais","MG"
"6","Atual Card",8851756,13642468,"Fotos Couchê 250g Verniz Total Frente 10x15cm | 14,9x9,94 cm - 4x0 - Couchê 250g - UV Total Frente - 1un",29102,11959,6,"Cliente","2021-03-27",435713,5,4.4,"MONTE VERDE","Minas Gerais","MG"
"7","Atual Card",8851756,13642471,"Fotos Couchê 250g Verniz Total Frente 10x15cm | 14,9x9,94 cm - 4x0 - Couchê 250g - UV Total Frente - 1un",29102,11959,6,"Cliente","2021-03-27",435713,5,4.4,"MONTE VERDE","Minas Gerais","MG"
"8","Atual Card",8852749,13644076,"Fotos Couchê 250g Verniz Total Frente 10x15cm | 14,9x9,94 cm - 4x0 - Couchê 250g - UV Total Frente - 1un",29102,11959,6,"Cliente","2021-03-28",435713,5,4.4,"MONTE VERDE","Minas Gerais","MG"
"9","Atual Card",8852749,13644079,"Fotos Couchê 250g Verniz Total Frente 10x15cm | 14,9x9,94 cm - 4x0 - Couchê 250g - UV Total Frente - 1un",29102,11959,6,"Cliente","2021-03-28",435713,5,4.4,"MONTE VERDE","Minas Gerais","MG"
"10","Atual Card",8852749,13644082,"Fotos Couchê 250g Verniz Total Frente 10x15cm | 14,9x9,94 cm - 4x0 - Couchê 250g - UV Total Frente - 1un",29102,11959,6,"Cliente","2021-03-28",435713,5,4.4,"MONTE VERDE","Minas Gerais","MG"
"11","Atual Card",8857033,13650004,"Fotos Couchê 250g Verniz Total Frente 10x15cm | 14,9x9,94 cm - 4x0 - Couchê 250g - UV Total Frente - 1un",29102,360736,31,"CRM","2021-03-29",435716,10,8.2,"SAO JOSE DOS PINHAIS","Paraná","PR"
"12","Atual Card",8862097,13657654,"Fotos Couchê 250g Verniz Total Frente 10x15cm | 14,9x9,94 cm - 4x0 - Couchê 250g - UV Total Frente - 1un",29102,74965,25,"Agente Oficial","2021-03-30",435722,30,21.3,"CURITIBA","Paraná","PR"
"13","Atual Card",8880031,13684312,"Fotos Couchê 250g Verniz Total Frente 10x15cm | 14,9x9,94 cm - 4x0 - Couchê 250g - UV Total Frente - 1un",29102,143280,6,"Cliente","2021-04-05",435713,8,7.04,"CANOAS","Rio Grande do Sul","RS"
"14","Atual Card",8884588,13691269,"Fotos Couchê 250g Verniz Total Frente 10x15cm | 14,9x9,94 cm - 4x0 - Couchê 250g - UV Total Frente - 1un",29102,480784,6,"Cliente","2021-04-05",435719,20,15.4,"LUCAS DO RIO VERDE","Mato Grosso","MT"
"15","Atual Card",8889445,13698451,"Fotos Couchê 250g Verniz Total Frente 10x15cm | 14,9x9,94 cm - 4x0 - Couchê 250g - UV Total Frente - 1un",29102,266656,51,"Contestação","2021-04-06",435713,9,7.92,"SAO JOSE DOS PINHAIS","Paraná","PR"
"16","Atual Card",8899258,13713088,"Fotos Couchê 250g Verniz Total Frente 10x15cm | 14,9x9,94 cm - 4x0 - Couchê 250g - UV Total Frente - 1un",29102,455884,6,"Cliente","2021-04-08",435713,5,4.4,"COLOMBO","Paraná","PR"
"17","Atual Card",8936263,13768966,"Fotos Couchê 250g Verniz Total Frente 10x15cm | 14,9x9,94 cm - 4x0 - Couchê 250g - UV Total Frente - 1un",29102,240639,6,"Cliente","2021-04-14",435713,5,4.4,"BELEM","Pará","PA"
"18","Atual Card",8972932,13824853,"Fotos Couchê 250g Verniz Total Frente 10x15cm | 14,9x9,94 cm - 4x0 - Couchê 250g - UV Total Frente - 1un",29102,327598,6,"Cliente","2021-04-22",435719,20,15.4,"PORTO BELO","Santa Catarina","SC"
"19","Atual Card",8973307,13825345,"Fotos Couchê 250g Verniz Total Frente 10x15cm | 14,9x9,94 cm - 4x0 - Couchê 250g - UV Total Frente - 1un",29102,455884,6,"Cliente","2021-04-22",435716,14,10.92,"COLOMBO","Paraná","PR"
"20","Atual Card",8997922,13862866,"Fotos Couchê 250g Verniz Total Frente 10x15cm | 14,9x9,94 cm - 4x0 - Couchê 250g - UV Total Frente - 1un",29102,482479,6,"Cliente","2021-04-27",435713,5,4.4,"ARACATUBA","São Paulo","SP"
"21","Atual Card",9007123,13876756,"Fotos Couchê 250g Verniz Total Frente 15x21cm | 15x21 cm - 4x0 - Couchê 250g - UV Total Frente - 1un",29099,387679,19,"Encarregado Baixa 2","2021-04-28",435695,6,10.56,"SAO JOSE DOS PINHAIS","Paraná","PR"
"22","Atual Card",9007414,13877194,"Fotos Couchê 250g Verniz Total Frente 10x15cm | 14,9x9,94 cm - 4x0 - Couchê 250g - UV Total Frente - 1un",29102,484879,6,"Cliente","2021-04-28",435728,169,92.95,"NOVA IGUACU","Rio de Janeiro","RJ"
"23","Atual Card",9019408,13895458,"Fotos Couchê 250g Verniz Total Frente 10x15cm | 14,9x9,94 cm - 4x0 - Couchê 250g - UV Total Frente - 1un",29102,174361,25,"Agente Oficial","2021-04-30",435716,10,8.2,"SAO PAULO","São Paulo","SP"
"24","Atual Card",9033361,13916194,"Fotos Couchê 250g Verniz Total Frente 10x15cm | 14,9x9,94 cm - 4x0 - Couchê 250g - UV Total Frente - 1un",29102,438052,6,"Cliente","2021-05-03",435719,24,18.48,"BARRA VELHA","Santa Catarina","SC"
"25","Atual Card",9040069,13926520,"Fotos Couchê 250g Verniz Total Frente 15x21cm | 15x21 cm - 4x0 - Couchê 250g - UV Total Frente - 1un",29099,200929,19,"Encarregado Baixa 2","2021-05-04",435695,8,14.08,"SAO JOSE DOS PINHAIS","Paraná","PR"
"26","Atual Card",9045592,13935190,"Fotos Couchê 250g Verniz Total Frente 10x15cm | 14,9x9,94 cm - 4x0 - Couchê 250g - UV Total Frente - 1un",29102,219419,6,"Cliente","2021-05-05",435719,18,13.86,"CURITIBA","Paraná","PR"
"27","Atual Card",9050860,13943029,"Fotos Couchê 250g Verniz Total Frente 15x21cm | 15x21 cm - 4x0 - Couchê 250g - UV Total Frente - 1un",29099,487555,6,"Cliente","2021-05-05",435695,5,8.8,"CAMPINAS","São Paulo","SP"
"28","Atual Card",9054130,13947781,"Fotos Couchê 250g Verniz Total Frente 10x15cm | 14,9x9,94 cm - 4x0 - Couchê 250g - UV Total Frente - 1un",29102,258933,50,"Revendedor Autorizado","2021-05-06",435725,100,66,"JUNDIAI","São Paulo","SP"
"29","Atual Card",9055216,13949356,"Fotos Couchê 250g Verniz Total Frente 10x15cm | 14,9x9,94 cm - 4x0 - Couchê 250g - UV Total Frente - 1un",29102,76840,25,"Agente Oficial","2021-05-06",435719,23,17.71,"LONDRINA","Paraná","PR"
"30","Atual Card",9082621,13991455,"Fotos Couchê 250g Verniz Total Frente 15x21cm | 15x21 cm - 4x0 - Couchê 250g - UV Total Frente - 1un",29099,238071,50,"Revendedor Autorizado","2021-05-12",435695,5,8.8,"SAO PAULO","São Paulo","SP"
"31","Atual Card",9082891,13991851,"Fotos Couchê 250g Verniz Total Frente 10x15cm | 14,9x9,94 cm - 4x0 - Couchê 250g - UV Total Frente - 1un",29102,20937,6,"Cliente","2021-05-12",435719,20,15.4,"PORTO ALEGRE","Rio Grande do Sul","RS"
"32","Atual Card",9088087,13999381,"Fotos Couchê 250g Verniz Total Frente 10x15cm | 14,9x9,94 cm - 4x0 - Couchê 250g - UV Total Frente - 1un",29102,143252,50,"Revendedor Autorizado","2021-05-12",435722,35,24.85,"BAURU","São Paulo","SP"
"33","Atual Card",9089107,14000998,"Fotos Couchê 250g Verniz Total Frente 10x15cm | 14,9x9,94 cm - 4x0 - Couchê 250g - UV Total Frente - 1un",29102,367414,6,"Cliente","2021-05-12",435713,6,5.28,"SOROCABA","São Paulo","SP"
"34","Atual Card",9093520,14007763,"Fotos Couchê 250g Verniz Total Frente 10x15cm | 14,9x9,94 cm - 4x0 - Couchê 250g - UV Total Frente - 1un",29102,413293,6,"Cliente","2021-05-13",435728,199,103.48,"CAXIAS DO SUL","Rio Grande do Sul","RS"
"35","Atual Card",9093520,14007766,"Fotos Couchê 250g Verniz Total Frente 10x15cm | 14,9x9,94 cm - 4x0 - Couchê 250g - UV Total Frente - 1un",29102,413293,6,"Cliente","2021-05-13",435725,100,63,"CAXIAS DO SUL","Rio Grande do Sul","RS"
"36","Atual Card",9093559,14007826,"Fotos Couchê 250g Verniz Total Frente 10x15cm | 14,9x9,94 cm - 4x0 - Couchê 250g - UV Total Frente - 1un",29102,482479,6,"Cliente","2021-05-13",435722,46,32.66,"ARACATUBA","São Paulo","SP"
"37","Atual Card",9112273,14036488,"Fotos Couchê 250g Verniz Total Frente 10x15cm | 14,9x9,94 cm - 4x0 - Couchê 250g - UV Total Frente - 1un",29102,374725,6,"Cliente","2021-05-17",435719,23,16.79,"CIANORTE","Paraná","PR"
"38","Atual Card",9118462,14045893,"Fotos Couchê 250g Verniz Total Frente 15x21cm | 15x21 cm - 4x0 - Couchê 250g - UV Total Frente - 1un",29099,125284,6,"Cliente","2021-05-18",435698,11,18.15,"CAMPOS DOS GOYTACAZES","Rio de Janeiro","RJ"
"39","Atual Card",9120370,14048578,"Fotos Couchê 250g Verniz Total Frente 10x15cm | 14,9x9,94 cm - 4x0 - Couchê 250g - UV Total Frente - 1un",29102,174361,25,"Agente Oficial","2021-05-18",435713,5,4.4,"SAO PAULO","São Paulo","SP"
"40","Atual Card",9121657,14050483,"Fotos Couchê 250g Verniz Total Frente 10x15cm | 14,9x9,94 cm - 4x0 - Couchê 250g - UV Total Frente - 1un",29102,143252,50,"Revendedor Autorizado","2021-05-18",435722,56,39.76,"BAURU","São Paulo","SP"
"41","Atual Card",9130213,14063374,"Fotos Couchê 250g Verniz Total Frente 10x15cm | 14,9x9,94 cm - 4x0 - Couchê 250g - UV Total Frente - 1un",29102,463528,50,"Revendedor Autorizado","2021-05-19",435722,30,12.9,"CAMPINAS","São Paulo","SP"
"42","Atual Card",9130213,14063377,"Fotos Couchê 250g Verniz Total Frente 10x15cm | 14,9x9,94 cm - 4x0 - Couchê 250g - UV Total Frente - 1un",29102,463528,50,"Revendedor Autorizado","2021-05-19",435722,30,12.9,"CAMPINAS","São Paulo","SP"
"43","Atual Card",9130213,14063380,"Fotos Couchê 250g Verniz Total Frente 10x15cm | 14,9x9,94 cm - 4x0 - Couchê 250g - UV Total Frente - 1un",29102,463528,50,"Revendedor Autorizado","2021-05-19",435722,33,14.19,"CAMPINAS","São Paulo","SP"
"44","Atual Card",9161506,14111158,"Fotos Couchê 250g Verniz Total Frente 10x15cm | 14,9x9,94 cm - 4x0 - Couchê 250g - UV Total Frente - 1un",29102,174361,25,"Agente Oficial","2021-05-25",435716,14,11.48,"SAO PAULO","São Paulo","SP"
"45","Atual Card",9168856,14122558,"Fotos Couchê 250g Verniz Total Frente 10x15cm | 14,9x9,94 cm - 4x0 - Couchê 250g - UV Total Frente - 1un",29102,196731,19,"Encarregado Baixa 2","2021-05-26",435722,30,21.3,"SAO JOSE DOS PINHAIS","Paraná","PR"
"46","Atual Card",9178822,14137483,"Fotos Couchê 250g Verniz Total Frente 10x15cm | 14,9x9,94 cm - 4x0 - Couchê 250g - UV Total Frente - 1un",29102,143252,50,"Revendedor Autorizado","2021-05-27",435716,11,9.02,"BAURU","São Paulo","SP"
"47","Atual Card",9187750,14151499,"Fotos Couchê 250g Verniz Total Frente 15x21cm | 15x21 cm - 4x0 - Couchê 250g - UV Total Frente - 1un",29099,79690,6,"Cliente","2021-05-28",435704,60,81.6,"ANANINDEUA","Pará","PA"
"48","Atual Card",9189331,14154184,"Fotos Couchê 250g Verniz Total Frente 10x15cm | 14,9x9,94 cm - 4x0 - Couchê 250g - UV Total Frente - 1un",29102,13735,50,"Revendedor Autorizado","2021-05-29",435719,21,10.5,"GUARULHOS","São Paulo","SP"
"49","Atual Card",9206359,14179228,"Fotos Couchê 250g Verniz Total Frente 10x15cm | 14,9x9,94 cm - 4x0 - Couchê 250g - UV Total Frente - 1un",29102,291886,6,"Cliente","2021-06-01",435713,5,4.4,"ITU","São Paulo","SP"
"50","Atual Card",9223549,14205772,"Fotos Couchê 250g Verniz Total Frente 10x15cm | 14,9x9,94 cm - 4x0 - Couchê 250g - UV Total Frente - 1un",29102,493408,6,"Cliente","2021-06-05",435716,10,8.2,"São João de Meriti","Rio de Janeiro","RJ"
"51","Atual Card",9223549,14205775,"Fotos Couchê 250g Verniz Total Frente 10x15cm | 14,9x9,94 cm - 4x0 - Couchê 250g - UV Total Frente - 1un",29102,493408,6,"Cliente","2021-06-05",435716,10,8.2,"São João de Meriti","Rio de Janeiro","RJ"
"52","Atual Card",9223636,14205910,"Fotos Couchê 250g Verniz Total Frente 10x15cm | 14,9x9,94 cm - 4x0 - Couchê 250g - UV Total Frente - 1un",29102,239059,25,"Agente Oficial","2021-06-05",435719,15,10.35,"FAZENDA RIO GRANDE","Paraná","PR"
"53","Atual Card",9223684,14205970,"Fotos Couchê 250g Verniz Total Frente 10x15cm | 14,9x9,94 cm - 4x0 - Couchê 250g - UV Total Frente - 1un",29102,174361,25,"Agente Oficial","2021-06-05",435713,5,4.4,"SAO PAULO","São Paulo","SP"
"54","Atual Card",9236620,14224255,"Fotos Couchê 250g Verniz Total Frente 10x15cm | 14,9x9,94 cm - 4x0 - Couchê 250g - UV Total Frente - 1un",29102,463528,50,"Revendedor Autorizado","2021-06-08",435713,6,5.28,"CAMPINAS","São Paulo","SP"
"55","Atual Card",9240631,14229592,"Fotos Couchê 250g Verniz Total Frente 10x15cm | 14,9x9,94 cm - 4x0 - Couchê 250g - UV Total Frente - 1un",29102,239059,25,"Agente Oficial","2021-06-08",435716,10,7.4,"FAZENDA RIO GRANDE","Paraná","PR"
"56","Atual Card",9244666,14235226,"Fotos Couchê 250g Verniz Total Frente 10x15cm | 14,9x9,94 cm - 4x0 - Couchê 250g - UV Total Frente - 1un",29102,174361,25,"Agente Oficial","2021-06-09",435713,5,4.4,"SAO PAULO","São Paulo","SP"
"57","Atual Card",9289948,14302873,"Fotos Couchê 250g Verniz Total Frente 10x15cm | 14,9x9,94 cm - 4x0 - Couchê 250g - UV Total Frente - 1un",29102,233859,6,"Cliente","2021-06-16",435713,5,4.4,"PINHAIS","Paraná","PR"
"58","Atual Card",9298498,14315500,"Fotos Couchê 250g Verniz Total Frente 10x15cm | 14,9x9,94 cm - 4x0 - Couchê 250g - UV Total Frente - 1un",29102,372055,50,"Revendedor Autorizado","2021-06-17",435719,23,17.71,"SAO PAULO","São Paulo","SP"
"59","Atual Card",9306583,14327698,"Fotos Couchê 250g Verniz Total Frente 15x21cm | 15x21 cm - 4x0 - Couchê 250g - UV Total Frente - 1un",29099,437977,6,"Cliente","2021-06-18",435695,5,8.8,"SAO JOSE DOS PINHAIS","Paraná","PR"
"60","Atual Card",9306592,14327737,"Fotos Couchê 250g Verniz Total Frente 10x15cm | 14,9x9,94 cm - 4x0 - Couchê 250g - UV Total Frente - 1un",29102,437977,6,"Cliente","2021-06-18",435713,5,4.4,"SAO JOSE DOS PINHAIS","Paraná","PR"
"61","Atual Card",9319690,14347183,"Fotos Couchê 250g Verniz Total Frente 10x15cm | 14,9x9,94 cm - 4x0 - Couchê 250g - UV Total Frente - 1un",29102,141324,9,"Manutenção de Conteúdos","2021-06-22",435713,5,4.4,"SAO JOSE DOS PINHAIS","Paraná","PR"
"62","Atual Card",9324892,14354773,"Fotos Couchê 250g Verniz Total Frente 10x15cm | 14,9x9,94 cm - 4x0 - Couchê 250g - UV Total Frente - 1un",29102,143252,50,"Revendedor Autorizado","2021-06-22",435722,40,28.4,"BAURU","São Paulo","SP"
"63","Atual Card",9336967,14372896,"Fotos Couchê 250g Verniz Total Frente 10x15cm | 14,9x9,94 cm - 4x0 - Couchê 250g - UV Total Frente - 1un",29102,339454,6,"Cliente","2021-06-24",435716,10,8.2,"DIADEMA","São Paulo","SP"
"64","Atual Card",9361030,14408479,"Fotos Couchê 250g Verniz Total Frente 15x21cm | 15x21 cm - 4x0 - Couchê 250g - UV Total Frente - 1un",29099,435553,6,"Cliente","2021-06-29",435701,15,21.9,"SANTO AMARO DA IMPERATRIZ","Santa Catarina","SC"
"65","Atual Card",9364675,14414173,"Fotos Couchê 250g Verniz Total Frente 10x15cm | 14,9x9,94 cm - 4x0 - Couchê 250g - UV Total Frente - 1un",29102,443317,6,"Cliente","2021-06-29",435713,5,4.4,"MARINGA","Paraná","PR"
"66","Atual Card",9372829,14426680,"Fotos Couchê 250g Verniz Total Frente 10x15cm | 14,9x9,94 cm - 4x0 - Couchê 250g - UV Total Frente - 1un",29102,372676,6,"Cliente","2021-06-30",435722,60,42.6,"BARAUNA","Rio Grande do Norte","RN"
"67","Atual Card",9376729,14432404,"Fotos Couchê 250g Verniz Total Frente 10x15cm | 14,9x9,94 cm - 4x0 - Couchê 250g - UV Total Frente - 1un",29102,3176,6,"Cliente","2021-07-01",435716,12,9.84,"RIO DE JANEIRO","Rio de Janeiro","RJ"
"68","Atual Card",9383152,14441974,"Fotos Couchê 250g Verniz Total Frente 10x15cm | 14,9x9,94 cm - 4x0 - Couchê 250g - UV Total Frente - 1un",29102,236798,6,"Cliente","2021-07-02",435716,12,9.84,"SAO PAULO","São Paulo","SP"
"69","Atual Card",9384058,14443474,"Fotos Couchê 250g Verniz Total Frente 10x15cm | 14,9x9,94 cm - 4x0 - Couchê 250g - UV Total Frente - 1un",29102,201636,6,"Cliente","2021-07-02",435719,17,13.09,"SAO VICENTE","São Paulo","SP"
"70","Atual Card",9388315,14450449,"Fotos Couchê 250g Verniz Total Frente 10x15cm | 14,9x9,94 cm - 4x0 - Couchê 250g - UV Total Frente - 1un",29102,362143,6,"Cliente","2021-07-04",435713,5,4.4,"BALNEARIO PICARRAS","Santa Catarina","SC"
"71","Atual Card",9392782,14457280,"Fotos Couchê 250g Verniz Total Frente 10x15cm | 14,9x9,94 cm - 4x0 - Couchê 250g - UV Total Frente - 1un",29102,405994,6,"Cliente","2021-07-05",435722,69,48.99,"PARANAÍBA","Mato Grosso do Sul","MS"
"72","Atual Card",9411262,14485081,"Fotos Couchê 250g Verniz Total Frente 10x15cm | 14,9x9,94 cm - 4x0 - Couchê 250g - UV Total Frente - 1un",29102,470053,50,"Revendedor Autorizado","2021-07-07",435722,40,28.4,"SALVADOR","Bahia","BA"
"73","Atual Card",9413158,14488252,"Fotos Couchê 250g Verniz Total Frente 10x15cm | 14,9x9,94 cm - 4x0 - Couchê 250g - UV Total Frente - 1un",29102,5577,50,"Revendedor Autorizado","2021-07-07",435713,5,4.4,"CURITIBA","Paraná","PR"
"74","Atual Card",9435343,14521606,"Fotos Couchê 250g Verniz Total Frente 10x15cm | 14,9x9,94 cm - 4x0 - Couchê 250g - UV Total Frente - 1un",29102,490237,6,"Cliente","2021-07-12",435719,15,10.95,"PARNAMIRIM","Rio Grande do Norte","RN"
"75","Atual Card",9465907,14567692,"Fotos Couchê 250g Verniz Total Frente 10x15cm | 14,9x9,94 cm - 4x0 - Couchê 250g - UV Total Frente - 1un",29102,229057,6,"Cliente","2021-07-16",435713,9,7.92,"FRAIBURGO","Santa Catarina","SC"
"76","Atual Card",9468805,14572279,"Fotos Couchê 250g Verniz Total Frente 10x15cm | 14,9x9,94 cm - 4x0 - Couchê 250g - UV Total Frente - 1un",29102,143252,50,"Revendedor Autorizado","2021-07-16",435722,56,39.76,"BAURU","São Paulo","SP"
"77","Atual Card",9494896,14611480,"Fotos Couchê 250g Verniz Total Frente 10x15cm | 14,9x9,94 cm - 4x0 - Couchê 250g - UV Total Frente - 1un",29102,339454,6,"Cliente","2021-07-21",435722,53,37.63,"DIADEMA","São Paulo","SP"
"78","Atual Card",9513037,14639272,"Fotos Couchê 250g Verniz Total Frente 10x15cm | 14,9x9,94 cm - 4x0 - Couchê 250g - UV Total Frente - 1un",29102,339454,6,"Cliente","2021-07-24",435722,32,22.72,"DIADEMA","São Paulo","SP"
"79","Atual Card",9519685,14648851,"Fotos Couchê 250g Verniz Total Frente 10x15cm | 14,9x9,94 cm - 4x0 - Couchê 250g - UV Total Frente - 1un",29102,391585,50,"Revendedor Autorizado","2021-07-26",435719,21,16.17,"CURITIBA","Paraná","PR"
"80","Atual Card",9521773,14652274,"Fotos Couchê 250g Verniz Total Frente 15x21cm | 15x21 cm - 4x0 - Couchê 250g - UV Total Frente - 1un",29099,437977,6,"Cliente","2021-07-26",435698,13,20.41,"SAO JOSE DOS PINHAIS","Paraná","PR"
"81","Atual Card",9524884,14656987,"Fotos Couchê 250g Verniz Total Frente 10x15cm | 14,9x9,94 cm - 4x0 - Couchê 250g - UV Total Frente - 1un",29102,243481,50,"Revendedor Autorizado","2021-07-27",435722,50,35.5,"JOINVILLE","Santa Catarina","SC"
"82","Atual Card",9535201,14672674,"Fotos Couchê 250g Verniz Total Frente 10x15cm | 14,9x9,94 cm - 4x0 - Couchê 250g - UV Total Frente - 1un",29102,333871,6,"Cliente","2021-07-28",435722,49,34.79,"SAO JOSE DOS PINHAIS","Paraná","PR"
"83","Atual Card",9545599,14688187,"Fotos Couchê 250g Verniz Total Frente 10x15cm | 14,9x9,94 cm - 4x0 - Couchê 250g - UV Total Frente - 1un",29102,105228,6,"Cliente","2021-07-29",435722,50,35.5,"PICOS","Piauí","PI"
"84","Atual Card",9545599,14688190,"Fotos Couchê 250g Verniz Total Frente 15x21cm | 15x21 cm - 4x0 - Couchê 250g - UV Total Frente - 1un",29099,105228,6,"Cliente","2021-07-29",435704,80,114.4,"PICOS","Piauí","PI"
"85","Atual Card",9553651,14700850,"Fotos Couchê 250g Verniz Total Frente 10x15cm | 14,9x9,94 cm - 4x0 - Couchê 250g - UV Total Frente - 1un",29102,485773,6,"Cliente","2021-07-31",435716,12,9.84,"ITAPEVI","São Paulo","SP"
"86","Atual Card",9556459,14705227,"Fotos Couchê 250g Verniz Total Frente 10x15cm | 14,9x9,94 cm - 4x0 - Couchê 250g - UV Total Frente - 1un",29102,437977,6,"Cliente","2021-08-02",435719,20,15.4,"SAO JOSE DOS PINHAIS","Paraná","PR"
"87","Atual Card",9558574,14708488,"Fotos Couchê 250g Verniz Total Frente 15x21cm | 15x21 cm - 4x0 - Couchê 250g - UV Total Frente - 1un",29099,372715,6,"Cliente","2021-08-02",435698,14,23.1,"REALEZA","Paraná","PR"
"88","Atual Card",9562081,14713918,"Fotos Couchê 250g Verniz Total Frente 10x15cm | 14,9x9,94 cm - 4x0 - Couchê 250g - UV Total Frente - 1un",29102,437977,6,"Cliente","2021-08-02",435722,39,27.69,"SAO JOSE DOS PINHAIS","Paraná","PR"
"89","Atual Card",9569860,14725312,"Fotos Couchê 250g Verniz Total Frente 10x15cm | 14,9x9,94 cm - 4x0 - Couchê 250g - UV Total Frente - 1un",29102,437977,6,"Cliente","2021-08-03",435722,35,24.85,"SAO JOSE DOS PINHAIS","Paraná","PR"
"90","Atual Card",9578053,14737975,"Fotos Couchê 250g Verniz Total Frente 10x15cm | 14,9x9,94 cm - 4x0 - Couchê 250g - UV Total Frente - 1un",29102,362143,6,"Cliente","2021-08-04",435719,20,15.4,"BALNEARIO PICARRAS","Santa Catarina","SC"
"91","Atual Card",9580897,14742217,"Fotos Couchê 250g Verniz Total Frente 10x15cm | 14,9x9,94 cm - 4x0 - Couchê 250g - UV Total Frente - 1un",29102,406432,6,"Cliente","2021-08-05",435722,50,35.5,"MARITUBA","Pará","PA"
"92","Atual Card",9581248,14742703,"Fotos Couchê 250g Verniz Total Frente 15x21cm | 15x21 cm - 4x0 - Couchê 250g - UV Total Frente - 1un",29099,406432,6,"Cliente","2021-08-05",435701,15,23.1,"MARITUBA","Pará","PA"
"93","Atual Card",9585592,14749306,"Fotos Couchê 250g Verniz Total Frente 15x21cm | 15x21 cm - 4x0 - Couchê 250g - UV Total Frente - 1un",29099,200929,19,"Encarregado Baixa 2","2021-08-05",435695,5,8.8,"SAO JOSE DOS PINHAIS","Paraná","PR"
"94","Atual Card",9591478,14758285,"Fotos Couchê 250g Verniz Total Frente 10x15cm | 14,9x9,94 cm - 4x0 - Couchê 250g - UV Total Frente - 1un",29102,193895,6,"Cliente","2021-08-06",435716,10,7.8,"CRICIUMA","Santa Catarina","SC"
"95","Atual Card",9592648,14760178,"Fotos Couchê 250g Verniz Total Frente 10x15cm | 14,9x9,94 cm - 4x0 - Couchê 250g - UV Total Frente - 1un",29102,381781,50,"Revendedor Autorizado","2021-08-06",435713,6,5.28,"OSASCO","São Paulo","SP"
"96","Atual Card",9594949,14764288,"Fotos Couchê 250g Verniz Total Frente 10x15cm | 14,9x9,94 cm - 4x0 - Couchê 250g - UV Total Frente - 1un",29102,239059,25,"Agente Oficial","2021-08-08",435719,15,10.35,"FAZENDA RIO GRANDE","Paraná","PR"
"97","Atual Card",9596671,14766895,"Fotos Couchê 250g Verniz Total Frente 10x15cm | 14,9x9,94 cm - 4x0 - Couchê 250g - UV Total Frente - 1un",29102,381781,50,"Revendedor Autorizado","2021-08-09",435722,30,21.3,"OSASCO","São Paulo","SP"
"98","Atual Card",9597268,14767852,"Fotos Couchê 250g Verniz Total Frente 10x15cm | 14,9x9,94 cm - 4x0 - Couchê 250g - UV Total Frente - 1un",29102,405865,6,"Cliente","2021-08-09",435725,100,66,"FLORIANOPOLIS","Santa Catarina","SC"
"99","Atual Card",9606934,14782081,"Fotos Couchê 250g Verniz Total Frente 10x15cm | 14,9x9,94 cm - 4x0 - Couchê 250g - UV Total Frente - 1un",29102,43782,6,"Cliente","2021-08-10",435719,22,16.94,"RIO DE JANEIRO","Rio de Janeiro","RJ"
"100","Atual Card",9606934,14782084,"Fotos Couchê 250g Verniz Total Frente 10x15cm | 14,9x9,94 cm - 4x0 - Couchê 250g - UV Total Frente - 1un",29102,43782,6,"Cliente","2021-08-10",435719,22,16.94,"RIO DE JANEIRO","Rio de Janeiro","RJ"
"101","Atual Card",9606934,14782087,"Fotos Couchê 250g Verniz Total Frente 10x15cm | 14,9x9,94 cm - 4x0 - Couchê 250g - UV Total Frente - 1un",29102,43782,6,"Cliente","2021-08-10",435719,22,16.94,"RIO DE JANEIRO","Rio de Janeiro","RJ"
"102","Atual Card",9613765,14792467,"Fotos Couchê 250g Verniz Total Frente 15x21cm | 15x21 cm - 4x0 - Couchê 250g - UV Total Frente - 1un",29099,388255,6,"Cliente","2021-08-11",435701,22,33.88,"CAMBORIU","Santa Catarina","SC"
"103","Atual Card",9614617,14793655,"Fotos Couchê 250g Verniz Total Frente 15x21cm | 15x21 cm - 4x0 - Couchê 250g - UV Total Frente - 1un",29099,463528,50,"Revendedor Autorizado","2021-08-11",435695,5,8.8,"CAMPINAS","São Paulo","SP"
"104","Atual Card",9620815,14802652,"Fotos Couchê 250g Verniz Total Frente 10x15cm | 14,9x9,94 cm - 4x0 - Couchê 250g - UV Total Frente - 1un",29102,482479,6,"Cliente","2021-08-11",435719,24,18.48,"ARACATUBA","São Paulo","SP"
"105","Atual Card",9641074,14833306,"Fotos Couchê 250g Verniz Total Frente 10x15cm | 14,9x9,94 cm - 4x0 - Couchê 250g - UV Total Frente - 1un",29102,492160,6,"Cliente","2021-08-16",435713,6,5.28,"HORTOLANDIA","São Paulo","SP"
"106","Atual Card",9642841,14836018,"Fotos Couchê 250g Verniz Total Frente 10x15cm | 14,9x9,94 cm - 4x0 - Couchê 250g - UV Total Frente - 1un",29102,463528,50,"Revendedor Autorizado","2021-08-16",435713,5,4.4,"CAMPINAS","São Paulo","SP"
"107","Atual Card",9644158,14838070,"Fotos Couchê 250g Verniz Total Frente 10x15cm | 14,9x9,94 cm - 4x0 - Couchê 250g - UV Total Frente - 1un",29102,339454,6,"Cliente","2021-08-16",435716,10,8.2,"DIADEMA","São Paulo","SP"
"108","Atual Card",9644158,14838073,"Fotos Couchê 250g Verniz Total Frente 10x15cm | 14,9x9,94 cm - 4x0 - Couchê 250g - UV Total Frente - 1un",29102,339454,6,"Cliente","2021-08-16",435716,10,8.2,"DIADEMA","São Paulo","SP"
"109","Atual Card",9644158,14838076,"Fotos Couchê 250g Verniz Total Frente 10x15cm | 14,9x9,94 cm - 4x0 - Couchê 250g - UV Total Frente - 1un",29102,339454,6,"Cliente","2021-08-16",435716,10,8.2,"DIADEMA","São Paulo","SP"
"110","Atual Card",9645259,14839768,"Fotos Couchê 250g Verniz Total Frente 10x15cm | 14,9x9,94 cm - 4x0 - Couchê 250g - UV Total Frente - 1un",29102,507193,6,"Cliente","2021-08-16",435716,10,8.2,"BRUSQUE","Santa Catarina","SC"
"111","Atual Card",9645259,14839771,"Fotos Couchê 250g Verniz Total Frente 10x15cm | 14,9x9,94 cm - 4x0 - Couchê 250g - UV Total Frente - 1un",29102,507193,6,"Cliente","2021-08-16",435716,10,8.2,"BRUSQUE","Santa Catarina","SC"
"112","Atual Card",9645259,14839774,"Fotos Couchê 250g Verniz Total Frente 10x15cm | 14,9x9,94 cm - 4x0 - Couchê 250g - UV Total Frente - 1un",29102,507193,6,"Cliente","2021-08-16",435716,10,8.2,"BRUSQUE","Santa Catarina","SC"
"113","Atual Card",9646018,14840917,"Fotos Couchê 250g Verniz Total Frente 10x15cm | 14,9x9,94 cm - 4x0 - Couchê 250g - UV Total Frente - 1un",29102,132257,6,"Cliente","2021-08-16",435716,13,10.66,"ABATIA","Paraná","PR"
"114","Atual Card",9648460,14844673,"Fotos Couchê 250g Verniz Total Frente 10x15cm | 14,9x9,94 cm - 4x0 - Couchê 250g - UV Total Frente - 1un",29102,381781,50,"Revendedor Autorizado","2021-08-17",435725,102,67.32,"OSASCO","São Paulo","SP"
"115","Atual Card",9657136,14858077,"Fotos Couchê 250g Verniz Total Frente 10x15cm | 14,9x9,94 cm - 4x0 - Couchê 250g - UV Total Frente - 1un",29102,381781,50,"Revendedor Autorizado","2021-08-18",435722,30,21.3,"OSASCO","São Paulo","SP"
"116","Atual Card",9662482,14865892,"Fotos Couchê 250g Verniz Total Frente 10x15cm | 14,9x9,94 cm - 4x0 - Couchê 250g - UV Total Frente - 1un",29102,221826,6,"Cliente","2021-08-18",435713,9,7.56,"CAMPO GRANDE","Mato Grosso do Sul","MS"
"117","Atual Card",9665380,14870257,"Fotos Couchê 250g Verniz Total Frente 15x21cm | 15x21 cm - 4x0 - Couchê 250g - UV Total Frente - 1un",29099,499891,6,"Cliente","2021-08-18",435704,42,57.12,"BELEM","Pará","PA"
"118","Atual Card",9673453,14882170,"Fotos Couchê 250g Verniz Total Frente 10x15cm | 14,9x9,94 cm - 4x0 - Couchê 250g - UV Total Frente - 1un",29102,481234,6,"Cliente","2021-08-19",435713,5,4.55,"PONTA GROSSA","Paraná","PR"
"119","Atual Card",9675550,14885380,"Fotos Couchê 250g Verniz Total Frente 10x15cm | 14,9x9,94 cm - 4x0 - Couchê 250g - UV Total Frente - 1un",29102,5577,50,"Revendedor Autorizado","2021-08-20",435713,5,4.55,"CURITIBA","Paraná","PR"
"120","Atual Card",9682096,14896114,"Fotos Couchê 250g Verniz Total Frente 10x15cm | 14,9x9,94 cm - 4x0 - Couchê 250g - UV Total Frente - 1un",29102,339454,6,"Cliente","2021-08-22",435716,10,8.4,"DIADEMA","São Paulo","SP"
"121","Atual Card",9682096,14896117,"Fotos Couchê 250g Verniz Total Frente 10x15cm | 14,9x9,94 cm - 4x0 - Couchê 250g - UV Total Frente - 1un",29102,339454,6,"Cliente","2021-08-22",435716,10,8.4,"DIADEMA","São Paulo","SP"
"122","Atual Card",9682096,14896120,"Fotos Couchê 250g Verniz Total Frente 10x15cm | 14,9x9,94 cm - 4x0 - Couchê 250g - UV Total Frente - 1un",29102,339454,6,"Cliente","2021-08-22",435716,10,8.4,"DIADEMA","São Paulo","SP"
"123","Atual Card",9687529,14903995,"Fotos Couchê 250g Verniz Total Frente 15x21cm | 15x21 cm - 4x0 - Couchê 250g - UV Total Frente - 1un",29099,5577,50,"Revendedor Autorizado","2021-08-23",435695,7,12.67,"CURITIBA","Paraná","PR"
"124","Atual Card",9715591,14945890,"Fotos Couchê 250g Verniz Total Frente 10x15cm | 14,9x9,94 cm - 4x0 - Couchê 250g - UV Total Frente - 1un",29102,130524,6,"Cliente","2021-08-26",435719,29,22.91,"CURITIBA","Paraná","PR"
"125","Atual Card",9722512,14956381,"Fotos Couchê 250g Verniz Total Frente 15x21cm | 15x21 cm - 4x0 - Couchê 250g - UV Total Frente - 1un",29099,242613,6,"Cliente","2021-08-27",435701,28,42.28,"CAXIAS DO SUL","Rio Grande do Sul","RS"
"126","Atual Card",9741430,14985598,"Fotos Couchê 250g Verniz Total Frente 10x15cm | 14,9x9,94 cm - 4x0 - Couchê 250g - UV Total Frente - 1un",29102,470053,50,"Revendedor Autorizado","2021-08-31",435719,23,18.17,"SALVADOR","Bahia","BA"
"127","Atual Card",9744025,14989648,"Fotos Couchê 250g Verniz Total Frente 10x15cm | 14,9x9,94 cm - 4x0 - Couchê 250g - UV Total Frente - 1un",29102,234326,6,"Cliente","2021-09-01",435713,8,6.88,"LAGUNA","Santa Catarina","SC"
"128","Atual Card",9749440,14997289,"Fotos Couchê 250g Verniz Total Frente 10x15cm | 14,9x9,94 cm - 4x0 - Couchê 250g - UV Total Frente - 1un",29102,477370,6,"Cliente","2021-09-01",435713,5,4.3,"CAXIAS DO SUL","Rio Grande do Sul","RS"
"129","Atual Card",9749440,14997292,"Fotos Couchê 250g Verniz Total Frente 10x15cm | 14,9x9,94 cm - 4x0 - Couchê 250g - UV Total Frente - 1un",29102,477370,6,"Cliente","2021-09-01",435719,20,15,"CAXIAS DO SUL","Rio Grande do Sul","RS"
"130","Atual Card",9750856,14999530,"Fotos Couchê 250g Verniz Total Frente 10x15cm | 14,9x9,94 cm - 4x0 - Couchê 250g - UV Total Frente - 1un",29102,339454,6,"Cliente","2021-09-01",435716,10,8.4,"DIADEMA","São Paulo","SP"
"131","Atual Card",9750856,14999533,"Fotos Couchê 250g Verniz Total Frente 10x15cm | 14,9x9,94 cm - 4x0 - Couchê 250g - UV Total Frente - 1un",29102,339454,6,"Cliente","2021-09-01",435716,10,8.4,"DIADEMA","São Paulo","SP"
"132","Atual Card",9750856,14999536,"Fotos Couchê 250g Verniz Total Frente 10x15cm | 14,9x9,94 cm - 4x0 - Couchê 250g - UV Total Frente - 1un",29102,339454,6,"Cliente","2021-09-01",435716,10,8.4,"DIADEMA","São Paulo","SP"
"133","Atual Card",9766639,15023689,"Fotos Couchê 250g Verniz Total Frente 10x15cm | 14,9x9,94 cm - 4x0 - Couchê 250g - UV Total Frente - 1un",29102,339454,6,"Cliente","2021-09-04",435716,10,8.4,"DIADEMA","São Paulo","SP"
"134","Atual Card",9766639,15023692,"Fotos Couchê 250g Verniz Total Frente 10x15cm | 14,9x9,94 cm - 4x0 - Couchê 250g - UV Total Frente - 1un",29102,339454,6,"Cliente","2021-09-04",435716,10,8.4,"DIADEMA","São Paulo","SP"
"135","Atual Card",9766639,15023695,"Fotos Couchê 250g Verniz Total Frente 10x15cm | 14,9x9,94 cm - 4x0 - Couchê 250g - UV Total Frente - 1un",29102,339454,6,"Cliente","2021-09-04",435716,10,8.4,"DIADEMA","São Paulo","SP"
"136","Atual Card",9779197,15042526,"Fotos Couchê 250g Verniz Total Frente 10x15cm | 14,9x9,94 cm - 4x0 - Couchê 250g - UV Total Frente - 1un",29102,339454,6,"Cliente","2021-09-08",435722,53,38.69,"DIADEMA","São Paulo","SP"
"137","Atual Card",9780298,15044512,"Fotos Couchê 250g Verniz Total Frente 10x15cm | 14,9x9,94 cm - 4x0 - Couchê 250g - UV Total Frente - 1un",29102,236798,6,"Cliente","2021-09-08",435719,25,19.75,"SAO PAULO","São Paulo","SP"
"138","Atual Card",9782626,15047968,"Fotos Couchê 250g Verniz Total Frente 10x15cm | 14,9x9,94 cm - 4x0 - Couchê 250g - UV Total Frente - 1un",29102,503572,50,"Revendedor Autorizado","2021-09-09",435716,11,9.24,"EUNÁPOLIS","Bahia","BA"
"139","Atual Card",9783481,15049174,"Fotos Couchê 250g Verniz Total Frente 10x15cm | 14,9x9,94 cm - 4x0 - Couchê 250g - UV Total Frente - 1un",29102,185222,6,"Cliente","2021-09-09",435719,17,13.43,"SAO GONCALO","Rio de Janeiro","RJ"
"140","Atual Card",9787261,15054829,"Fotos Couchê 250g Verniz Total Frente 15x21cm | 15x21 cm - 4x0 - Couchê 250g - UV Total Frente - 1un",29099,306706,6,"Cliente","2021-09-09",435695,5,8.8,"GUARATUBA","Paraná","PR"
"141","Atual Card",9787957,15055837,"Fotos Couchê 250g Verniz Total Frente 10x15cm | 14,9x9,94 cm - 4x0 - Couchê 250g - UV Total Frente - 1un",29102,491293,50,"Revendedor Autorizado","2021-09-09",435716,12,10.08,"LIMEIRA","São Paulo","SP"
"142","Atual Card",9790798,15060442,"Fotos Couchê 250g Verniz Total Frente 10x15cm | 14,9x9,94 cm - 4x0 - Couchê 250g - UV Total Frente - 1un",29102,492994,6,"Cliente","2021-09-10",435713,5,4.55,"JOINVILLE","Santa Catarina","SC"
"143","Atual Card",9795127,15066841,"Fotos Couchê 250g Verniz Total Frente 15x21cm | 15x21 cm - 4x0 - Couchê 250g - UV Total Frente - 1un",29099,499891,6,"Cliente","2021-09-10",435704,42,58.8,"BELEM","Pará","PA"
"144","Atual Card",9795154,15066874,"Fotos Couchê 250g Verniz Total Frente 10x15cm | 14,9x9,94 cm - 4x0 - Couchê 250g - UV Total Frente - 1un",29102,490045,19,"Encarregado Baixa 2","2021-09-10",435713,5,4.55,"SAO JOSE DOS PINHAIS","Paraná","PR"
"145","Atual Card",9797863,15071116,"Fotos Couchê 250g Verniz Total Frente 10x15cm | 14,9x9,94 cm - 4x0 - Couchê 250g - UV Total Frente - 1un",29102,23145,25,"Agente Oficial","2021-09-11",435719,19,15.01,"AMPARO","São Paulo","SP"
"146","Atual Card",9801463,15076636,"Fotos Couchê 250g Verniz Total Frente 10x15cm | 14,9x9,94 cm - 4x0 - Couchê 250g - UV Total Frente - 1un",29102,243481,50,"Revendedor Autorizado","2021-09-13",435719,25,19.75,"JOINVILLE","Santa Catarina","SC"
"147","Atual Card",9823957,15109840,"Fotos Couchê 250g Verniz Total Frente 10x15cm | 14,9x9,94 cm - 4x0 - Couchê 250g - UV Total Frente - 1un",29102,396634,6,"Cliente","2021-09-15",435722,50,36.5,"MIRACEMA","Rio de Janeiro","RJ"
"148","Atual Card",9840928,15136213,"Fotos Couchê 250g Verniz Total Frente 10x15cm | 14,9x9,94 cm - 4x0 - Couchê 250g - UV Total Frente - 1un",29102,339454,6,"Cliente","2021-09-18",435716,10,8.4,"DIADEMA","São Paulo","SP"
"149","Atual Card",9840928,15136216,"Fotos Couchê 250g Verniz Total Frente 10x15cm | 14,9x9,94 cm - 4x0 - Couchê 250g - UV Total Frente - 1un",29102,339454,6,"Cliente","2021-09-18",435716,10,8.4,"DIADEMA","São Paulo","SP"
"150","Atual Card",9840928,15136219,"Fotos Couchê 250g Verniz Total Frente 10x15cm | 14,9x9,94 cm - 4x0 - Couchê 250g - UV Total Frente - 1un",29102,339454,6,"Cliente","2021-09-18",435716,11,9.24,"DIADEMA","São Paulo","SP"
"151","Atual Card",9844000,15140899,"Fotos Couchê 250g Verniz Total Frente 10x15cm | 14,9x9,94 cm - 4x0 - Couchê 250g - UV Total Frente - 1un",29102,492994,6,"Cliente","2021-09-20",435713,8,7.28,"JOINVILLE","Santa Catarina","SC"
"152","Atual Card",9850441,15150652,"Fotos Couchê 250g Verniz Total Frente 10x15cm | 14,9x9,94 cm - 4x0 - Couchê 250g - UV Total Frente - 1un",29102,492994,6,"Cliente","2021-09-21",435713,5,4.55,"JOINVILLE","Santa Catarina","SC"
"153","Atual Card",9876157,15189358,"Fotos Couchê 250g Verniz Total Frente 10x15cm | 14,9x9,94 cm - 4x0 - Couchê 250g - UV Total Frente - 1un",29102,463528,50,"Revendedor Autorizado","2021-09-24",435725,103,45.32,"CAMPINAS","São Paulo","SP"
"154","Atual Card",9885937,15205000,"Fotos Couchê 250g Verniz Total Frente 10x15cm | 14,9x9,94 cm - 4x0 - Couchê 250g - UV Total Frente - 1un",29102,492994,6,"Cliente","2021-09-27",435713,5,4.55,"JOINVILLE","Santa Catarina","SC"
"155","Atual Card",9888112,15208063,"Fotos Couchê 250g Verniz Total Frente 10x15cm | 14,9x9,94 cm - 4x0 - Couchê 250g - UV Total Frente - 1un",29102,492994,6,"Cliente","2021-09-27",435713,5,4.55,"JOINVILLE","Santa Catarina","SC"
"156","Atual Card",9908872,15238555,"Fotos Couchê 250g Verniz Total Frente 10x15cm | 14,9x9,94 cm - 4x0 - Couchê 250g - UV Total Frente - 1un",29102,391585,50,"Revendedor Autorizado","2021-09-29",435716,10,8.4,"CURITIBA","Paraná","PR"
"157","Atual Card",9910477,15241066,"Fotos Couchê 250g Verniz Total Frente 10x15cm | 14,9x9,94 cm - 4x0 - Couchê 250g - UV Total Frente - 1un",29102,236798,6,"Cliente","2021-09-29",435713,6,5.46,"SAO PAULO","São Paulo","SP"
"158","Atual Card",9918916,15253453,"Fotos Couchê 250g Verniz Total Frente 10x15cm | 14,9x9,94 cm - 4x0 - Couchê 250g - UV Total Frente - 1un",29102,507910,6,"Cliente","2021-09-30",435719,26,20.54,"ITAPETININGA","São Paulo","SP"
"159","Atual Card",9931546,15272602,"Fotos Couchê 250g Verniz Total Frente 15x21cm | 15x21 cm - 4x0 - Couchê 250g - UV Total Frente - 1un",29099,321715,12,"Operador Baixa","2021-10-04",435695,5,9.05,"SAO JOSE DOS PINHAIS","Paraná","PR"
"160","Atual Card",9933823,15276046,"Fotos Couchê 250g Verniz Total Frente 15x21cm | 15x21 cm - 4x0 - Couchê 250g - UV Total Frente - 1un",29099,105228,6,"Cliente","2021-10-04",435707,109,148.24,"PICOS","Piauí","PI"
"161","Atual Card",9959929,15314122,"Fotos Couchê 250g Verniz Total Frente 10x15cm | 14,9x9,94 cm - 4x0 - Couchê 250g - UV Total Frente - 1un",29102,338950,50,"Revendedor Autorizado","2021-10-07",435713,5,5.25,"SAO PAULO","São Paulo","SP"
"162","Atual Card",9969118,15328075,"Fotos Couchê 250g Verniz Total Frente 10x15cm | 14,9x9,94 cm - 4x0 - Couchê 250g - UV Total Frente - 1un",29102,242613,6,"Cliente","2021-10-09",435722,60,48,"CAXIAS DO SUL","Rio Grande do Sul","RS"
"163","Atual Card",9974350,15336277,"Fotos Couchê 250g Verniz Total Frente 10x15cm | 14,9x9,94 cm - 4x0 - Couchê 250g - UV Total Frente - 1un",29102,198082,50,"Revendedor Autorizado","2021-10-11",435713,9,9.45,"SAO PAULO","São Paulo","SP"
"164","Atual Card",9976975,15340240,"Fotos Couchê 250g Verniz Total Frente 10x15cm | 14,9x9,94 cm - 4x0 - Couchê 250g - UV Total Frente - 1un",29102,381781,50,"Revendedor Autorizado","2021-10-12",435725,132,102.96,"OSASCO","São Paulo","SP"
"165","Atual Card",9979369,15343603,"Fotos Couchê 250g Verniz Total Frente 10x15cm | 14,9x9,94 cm - 4x0 - Couchê 250g - UV Total Frente - 1un",29102,470053,50,"Revendedor Autorizado","2021-10-13",435722,80,67.2,"SALVADOR","Bahia","BA"
"166","Atual Card",9989089,15357541,"Fotos Couchê 250g Verniz Total Frente 15x21cm | 15x21 cm - 4x0 - Couchê 250g - UV Total Frente - 1un",29099,372715,6,"Cliente","2021-10-14",435704,36,60.84,"REALEZA","Paraná","PR"
"167","Atual Card",9993754,15364477,"Fotos Couchê 250g Verniz Total Frente 10x15cm | 14,9x9,94 cm - 4x0 - Couchê 250g - UV Total Frente - 1un",29102,339454,6,"Cliente","2021-10-14",435716,10,9.7,"DIADEMA","São Paulo","SP"
"168","Atual Card",9993754,15364480,"Fotos Couchê 250g Verniz Total Frente 10x15cm | 14,9x9,94 cm - 4x0 - Couchê 250g - UV Total Frente - 1un",29102,339454,6,"Cliente","2021-10-14",435716,11,10.67,"DIADEMA","São Paulo","SP"
"169","Atual Card",9993754,15364483,"Fotos Couchê 250g Verniz Total Frente 10x15cm | 14,9x9,94 cm - 4x0 - Couchê 250g - UV Total Frente - 1un",29102,339454,6,"Cliente","2021-10-14",435716,11,10.67,"DIADEMA","São Paulo","SP"
"170","Atual Card",9993754,15364486,"Fotos Couchê 250g Verniz Total Frente 10x15cm | 14,9x9,94 cm - 4x0 - Couchê 250g - UV Total Frente - 1un",29102,339454,6,"Cliente","2021-10-14",435716,11,10.67,"DIADEMA","São Paulo","SP"
"171","Atual Card",9993754,15364489,"Fotos Couchê 250g Verniz Total Frente 10x15cm | 14,9x9,94 cm - 4x0 - Couchê 250g - UV Total Frente - 1un",29102,339454,6,"Cliente","2021-10-14",435716,11,10.67,"DIADEMA","São Paulo","SP"
"172","Atual Card",9993754,15364492,"Fotos Couchê 250g Verniz Total Frente 10x15cm | 14,9x9,94 cm - 4x0 - Couchê 250g - UV Total Frente - 1un",29102,339454,6,"Cliente","2021-10-14",435716,11,10.67,"DIADEMA","São Paulo","SP"
"173","Atual Card",9993754,15364495,"Fotos Couchê 250g Verniz Total Frente 10x15cm | 14,9x9,94 cm - 4x0 - Couchê 250g - UV Total Frente - 1un",29102,339454,6,"Cliente","2021-10-14",435716,11,10.67,"DIADEMA","São Paulo","SP"
"174","Atual Card",9993754,15364498,"Fotos Couchê 250g Verniz Total Frente 10x15cm | 14,9x9,94 cm - 4x0 - Couchê 250g - UV Total Frente - 1un",29102,339454,6,"Cliente","2021-10-14",435716,11,10.67,"DIADEMA","São Paulo","SP"
"175","Atual Card",9993754,15364501,"Fotos Couchê 250g Verniz Total Frente 10x15cm | 14,9x9,94 cm - 4x0 - Couchê 250g - UV Total Frente - 1un",29102,339454,6,"Cliente","2021-10-14",435716,11,10.67,"DIADEMA","São Paulo","SP"
"176","Atual Card",9993754,15364504,"Fotos Couchê 250g Verniz Total Frente 10x15cm | 14,9x9,94 cm - 4x0 - Couchê 250g - UV Total Frente - 1un",29102,339454,6,"Cliente","2021-10-14",435716,11,10.67,"DIADEMA","São Paulo","SP"
"177","Atual Card",9993754,15364507,"Fotos Couchê 250g Verniz Total Frente 10x15cm | 14,9x9,94 cm - 4x0 - Couchê 250g - UV Total Frente - 1un",29102,339454,6,"Cliente","2021-10-14",435716,11,10.67,"DIADEMA","São Paulo","SP"
"178","Atual Card",9993754,15364510,"Fotos Couchê 250g Verniz Total Frente 10x15cm | 14,9x9,94 cm - 4x0 - Couchê 250g - UV Total Frente - 1un",29102,339454,6,"Cliente","2021-10-14",435716,11,10.67,"DIADEMA","São Paulo","SP"
"179","Atual Card",9993754,15364513,"Fotos Couchê 250g Verniz Total Frente 10x15cm | 14,9x9,94 cm - 4x0 - Couchê 250g - UV Total Frente - 1un",29102,339454,6,"Cliente","2021-10-14",435716,11,10.67,"DIADEMA","São Paulo","SP"
"180","Atual Card",9993754,15364516,"Fotos Couchê 250g Verniz Total Frente 10x15cm | 14,9x9,94 cm - 4x0 - Couchê 250g - UV Total Frente - 1un",29102,339454,6,"Cliente","2021-10-14",435713,5,5.25,"DIADEMA","São Paulo","SP"
"181","Atual Card",10017808,15400666,"Fotos Couchê 250g Verniz Total Frente 10x15cm | 14,9x9,94 cm - 4x0 - Couchê 250g - UV Total Frente - 1un",29102,236798,6,"Cliente","2021-10-19",435713,5,5.25,"SAO PAULO","São Paulo","SP"
"182","Atual Card",10018876,15402358,"Fotos Couchê 250g Verniz Total Frente 10x15cm | 14,9x9,94 cm - 4x0 - Couchê 250g - UV Total Frente - 1un",29102,162439,6,"Cliente","2021-10-19",435722,38,30.4,"COLOMBO","Paraná","PR"
"183","Atual Card",10030168,15418897,"Fotos Couchê 250g Verniz Total Frente 10x15cm | 14,9x9,94 cm - 4x0 - Couchê 250g - UV Total Frente - 1un",29102,23145,25,"Agente Oficial","2021-10-21",435719,25,22.75,"AMPARO","São Paulo","SP"
"184","Atual Card",10046992,15444001,"Fotos Couchê 250g Verniz Total Frente 10x15cm | 14,9x9,94 cm - 4x0 - Couchê 250g - UV Total Frente - 1un",29102,367414,6,"Cliente","2021-10-24",435713,5,5.25,"SOROCABA","São Paulo","SP"
"185","Atual Card",10050301,15448954,"Fotos Couchê 250g Verniz Total Frente 15x21cm | 15x21 cm - 4x0 - Couchê 250g - UV Total Frente - 1un",29099,200929,19,"Encarregado Baixa 2","2021-10-25",435695,6,12.48,"SAO JOSE DOS PINHAIS","Paraná","PR"
"186","Atual Card",10050337,15448999,"Fotos Couchê 250g Verniz Total Frente 10x15cm | 14,9x9,94 cm - 4x0 - Couchê 250g - UV Total Frente - 1un",29102,388255,6,"Cliente","2021-10-25",435713,6,6.3,"CAMBORIU","Santa Catarina","SC"
"187","Atual Card",10050499,15449230,"Fotos Couchê 250g Verniz Total Frente 10x15cm | 14,9x9,94 cm - 4x0 - Couchê 250g - UV Total Frente - 1un",29102,233859,6,"Cliente","2021-10-25",435719,15,13.65,"PINHAIS","Paraná","PR"
"188","Atual Card",10052134,15451492,"Fotos Couchê 250g Verniz Total Frente 10x15cm | 14,9x9,94 cm - 4x0 - Couchê 250g - UV Total Frente - 1un",29102,229057,6,"Cliente","2021-10-25",435716,12,11.64,"FRAIBURGO","Santa Catarina","SC"
"189","Atual Card",10055440,15456436,"Fotos Couchê 250g Verniz Total Frente 10x15cm | 14,9x9,94 cm - 4x0 - Couchê 250g - UV Total Frente - 1un",29102,521188,6,"Cliente","2021-10-25",435713,5,5.25,"SAO JOSE DOS PINHAIS","Paraná","PR"
"190","Atual Card",10066927,15473668,"Fotos Couchê 250g Verniz Total Frente 15x21cm | 15x21 cm - 4x0 - Couchê 250g - UV Total Frente - 1un",29099,494497,6,"Cliente","2021-10-27",435698,13,24.18,"FLORIANOPOLIS","Santa Catarina","SC"
"191","Atual Card",10073716,15483907,"Fotos Couchê 250g Verniz Total Frente 10x15cm | 14,9x9,94 cm - 4x0 - Couchê 250g - UV Total Frente - 1un",29102,518638,6,"Cliente","2021-10-27",435713,6,6.3,"MONGAGUA","São Paulo","SP"
"192","Atual Card",10074178,15484585,"Fotos Couchê 250g Verniz Total Frente 10x15cm | 14,9x9,94 cm - 4x0 - Couchê 250g - UV Total Frente - 1un",29102,477370,6,"Cliente","2021-10-28",435713,5,4.95,"CAXIAS DO SUL","Rio Grande do Sul","RS"
"193","Atual Card",10081831,15496030,"Fotos Couchê 250g Verniz Total Frente 10x15cm | 14,9x9,94 cm - 4x0 - Couchê 250g - UV Total Frente - 1un",29102,71857,6,"Cliente","2021-10-28",435716,10,9.2,"AMPARO","São Paulo","SP"
"194","Atual Card",10090549,15509752,"Fotos Couchê 250g Verniz Total Frente 10x15cm | 14,9x9,94 cm - 4x0 - Couchê 250g - UV Total Frente - 1un",29102,15745,6,"Cliente","2021-10-31",435716,10,9.7,"ALVORADA","Rio Grande do Sul","RS"
"195","Atual Card",10090549,15509755,"Fotos Couchê 250g Verniz Total Frente 15x21cm | 15x21 cm - 4x0 - Couchê 250g - UV Total Frente - 1un",29099,15745,6,"Cliente","2021-10-31",435698,11,21.56,"ALVORADA","Rio Grande do Sul","RS"
"196","Atual Card",10110850,15539791,"Fotos Couchê 250g Verniz Total Frente 10x15cm | 14,9x9,94 cm - 4x0 - Couchê 250g - UV Total Frente - 1un",29102,363838,6,"Cliente","2021-11-04",435728,150,99,"SAO JOSE","Santa Catarina","SC"
"197","Atual Card",10110850,15539794,"Fotos Couchê 250g Verniz Total Frente 10x15cm | 14,9x9,94 cm - 4x0 - Couchê 250g - UV Total Frente - 1un",29102,363838,6,"Cliente","2021-11-04",435725,100,78,"SAO JOSE","Santa Catarina","SC"
"198","Atual Card",10117255,15549574,"Fotos Couchê 250g Verniz Total Frente 10x15cm | 14,9x9,94 cm - 4x0 - Couchê 250g - UV Total Frente - 1un",29102,511462,6,"Cliente","2021-11-05",435719,20,18.2,"RIO DE JANEIRO","Rio de Janeiro","RJ"
"199","Atual Card",10124044,15560083,"Fotos Couchê 250g Verniz Total Frente 15x21cm | 15x21 cm - 4x0 - Couchê 250g - UV Total Frente - 1un",29099,518638,6,"Cliente","2021-11-06",435695,6,12.48,"MONGAGUA","São Paulo","SP"
"200","Atual Card",10129483,15567934,"Fotos Couchê 250g Verniz Total Frente 15x21cm | 15x21 cm - 4x0 - Couchê 250g - UV Total Frente - 1un",29099,338950,50,"Revendedor Autorizado","2021-11-08",435698,12,23.52,"SAO PAULO","São Paulo","SP"
"201","Atual Card",10141114,15585262,"Fotos Couchê 250g Verniz Total Frente 10x15cm | 14,9x9,94 cm - 4x0 - Couchê 250g - UV Total Frente - 1un",29102,143252,50,"Revendedor Autorizado","2021-11-09",435722,50,42,"BAURU","São Paulo","SP"
"202","Atual Card",10142527,15587503,"Fotos Couchê 250g Verniz Total Frente 15x21cm | 15x21 cm - 4x0 - Couchê 250g - UV Total Frente - 1un",29099,267949,6,"Cliente","2021-11-09",435695,5,9.9,"CAMPOS DOS GOYTACAZES","Rio de Janeiro","RJ"
"203","Atual Card",10153165,15602923,"Fotos Couchê 250g Verniz Total Frente 10x15cm | 14,9x9,94 cm - 4x0 - Couchê 250g - UV Total Frente - 1un",29102,175686,6,"Cliente","2021-11-11",435719,15,15,"TURVO","Santa Catarina","SC"
"204","Atual Card",10153267,15603160,"Fotos Couchê 250g Verniz Total Frente 10x15cm | 14,9x9,94 cm - 4x0 - Couchê 250g - UV Total Frente - 1un",29102,520474,6,"Cliente","2021-11-11",435722,50,47.5,"VÁRZEA GRANDE","Mato Grosso","MT"
"205","Atual Card",10162717,15617332,"Fotos Couchê 250g Verniz Total Frente 10x15cm | 14,9x9,94 cm - 4x0 - Couchê 250g - UV Total Frente - 1un",29102,71857,6,"Cliente","2021-11-12",435716,10,10.4,"AMPARO","São Paulo","SP"
"206","Atual Card",10169461,15628129,"Fotos Couchê 250g Verniz Total Frente 10x15cm | 14,9x9,94 cm - 4x0 - Couchê 250g - UV Total Frente - 1un",29102,136175,6,"Cliente","2021-11-13",435719,15,14.25,"PASSO FUNDO","Rio Grande do Sul","RS"
"207","Atual Card",10177570,15640063,"Fotos Couchê 250g Verniz Total Frente 15x21cm | 15x21 cm - 4x0 - Couchê 250g - UV Total Frente - 1un",29099,314878,50,"Revendedor Autorizado","2021-11-16",435704,40,76,"LIMEIRA","São Paulo","SP"
"208","Atual Card",10181689,15646318,"Fotos Couchê 250g Verniz Total Frente 10x15cm | 14,9x9,94 cm - 4x0 - Couchê 250g - UV Total Frente - 1un",29102,339454,6,"Cliente","2021-11-17",435716,10,11,"DIADEMA","São Paulo","SP"
"209","Atual Card",10181689,15646321,"Fotos Couchê 250g Verniz Total Frente 10x15cm | 14,9x9,94 cm - 4x0 - Couchê 250g - UV Total Frente - 1un",29102,339454,6,"Cliente","2021-11-17",435716,10,11,"DIADEMA","São Paulo","SP"
"210","Atual Card",10181689,15646324,"Fotos Couchê 250g Verniz Total Frente 10x15cm | 14,9x9,94 cm - 4x0 - Couchê 250g - UV Total Frente - 1un",29102,339454,6,"Cliente","2021-11-17",435716,10,11,"DIADEMA","São Paulo","SP"
"211","Atual Card",10189726,15658012,"Fotos Couchê 250g Verniz Total Frente 10x15cm | 14,9x9,94 cm - 4x0 - Couchê 250g - UV Total Frente - 1un",29102,422809,6,"Cliente","2021-11-17",435722,30,28.5,"CAXIAS DO SUL","Rio Grande do Sul","RS"
"212","Atual Card",10206478,15683359,"Fotos Couchê 250g Verniz Total Frente 15x21cm | 15x21 cm - 4x0 - Couchê 250g - UV Total Frente - 1un",29099,143252,50,"Revendedor Autorizado","2021-11-20",435695,5,11.5,"BAURU","São Paulo","SP"
"213","Atual Card",10213615,15693850,"Fotos Couchê 250g Verniz Total Frente 10x15cm | 14,9x9,94 cm - 4x0 - Couchê 250g - UV Total Frente - 1un",29102,520621,6,"Cliente","2021-11-22",435725,100,90,"SALVADOR","Bahia","BA"
"214","Atual Card",10214266,15694771,"Fotos Couchê 250g Verniz Total Frente 10x15cm | 14,9x9,94 cm - 4x0 - Couchê 250g - UV Total Frente - 1un",29102,405865,6,"Cliente","2021-11-22",435728,160,120,"FLORIANOPOLIS","Santa Catarina","SC"
"215","Atual Card",10214266,15694774,"Fotos Couchê 250g Verniz Total Frente 10x15cm | 14,9x9,94 cm - 4x0 - Couchê 250g - UV Total Frente - 1un",29102,405865,6,"Cliente","2021-11-22",435728,161,120.75,"FLORIANOPOLIS","Santa Catarina","SC"
"216","Atual Card",10214749,15695506,"Fotos Couchê 250g Verniz Total Frente 10x15cm | 14,9x9,94 cm - 4x0 - Couchê 250g - UV Total Frente - 1un",29102,77024,6,"Cliente","2021-11-22",435728,150,112.5,"SINOP","Mato Grosso","MT"
"217","Atual Card",10219396,15702298,"Fotos Couchê 250g Verniz Total Frente 10x15cm | 14,9x9,94 cm - 4x0 - Couchê 250g - UV Total Frente - 1un",29102,381781,50,"Revendedor Autorizado","2021-11-23",435719,15,15,"OSASCO","São Paulo","SP"
"218","Atual Card",10221316,15704983,"Fotos Couchê 250g Verniz Total Frente 10x15cm | 14,9x9,94 cm - 4x0 - Couchê 250g - UV Total Frente - 1un",29102,463528,50,"Revendedor Autorizado","2021-11-23",435716,10,11,"CAMPINAS","São Paulo","SP"
"219","Atual Card",10236958,15728479,"Fotos Couchê 250g Verniz Total Frente 10x15cm | 14,9x9,94 cm - 4x0 - Couchê 250g - UV Total Frente - 1un",29102,463528,50,"Revendedor Autorizado","2021-11-25",435719,18,18,"CAMPINAS","São Paulo","SP"
"220","Atual Card",10251139,15749677,"Fotos Couchê 250g Verniz Total Frente 10x15cm | 14,9x9,94 cm - 4x0 - Couchê 250g - UV Total Frente - 1un",29102,339454,6,"Cliente","2021-11-27",435716,10,11,"DIADEMA","São Paulo","SP"
"221","Atual Card",10251139,15749680,"Fotos Couchê 250g Verniz Total Frente 10x15cm | 14,9x9,94 cm - 4x0 - Couchê 250g - UV Total Frente - 1un",29102,339454,6,"Cliente","2021-11-27",435716,10,11,"DIADEMA","São Paulo","SP"
"222","Atual Card",10251139,15749683,"Fotos Couchê 250g Verniz Total Frente 10x15cm | 14,9x9,94 cm - 4x0 - Couchê 250g - UV Total Frente - 1un",29102,339454,6,"Cliente","2021-11-27",435716,11,12.1,"DIADEMA","São Paulo","SP"
"223","Atual Card",10262446,15766765,"Fotos Couchê 250g Verniz Total Frente 10x15cm | 14,9x9,94 cm - 4x0 - Couchê 250g - UV Total Frente - 1un",29102,5577,50,"Revendedor Autorizado","2021-11-30",435713,5,6,"CURITIBA","Paraná","PR"
"224","Atual Card",10266802,15773086,"Fotos Couchê 250g Verniz Total Frente 10x15cm | 14,9x9,94 cm - 4x0 - Couchê 250g - UV Total Frente - 1un",29102,345739,50,"Revendedor Autorizado","2021-11-30",435728,150,112.5,"SAO PAULO","São Paulo","SP"
"225","Atual Card",10271764,15780139,"Fotos Couchê 250g Verniz Total Frente 10x15cm | 14,9x9,94 cm - 4x0 - Couchê 250g - UV Total Frente - 1un",29102,504067,50,"Revendedor Autorizado","2021-12-01",435716,10,11,"CAMPINAS","São Paulo","SP"
"226","Atual Card",10274548,15784072,"Fotos Couchê 250g Verniz Total Frente 10x15cm | 14,9x9,94 cm - 4x0 - Couchê 250g - UV Total Frente - 1un",29102,5291,50,"Revendedor Autorizado","2021-12-01",435722,30,28.5,"COLOMBO","Paraná","PR"
"227","Atual Card",10282060,15794842,"Fotos Couchê 250g Verniz Total Frente 10x15cm | 14,9x9,94 cm - 4x0 - Couchê 250g - UV Total Frente - 1un",29102,278050,6,"Cliente","2021-12-02",435716,14,14.56,"CURITIBA","Paraná","PR"
"228","Atual Card",10318543,15849253,"Fotos Couchê 250g Verniz Total Frente 10x15cm | 14,9x9,94 cm - 4x0 - Couchê 250g - UV Total Frente - 1un",29102,306706,6,"Cliente","2021-12-08",435722,30,27.6,"GUARATUBA","Paraná","PR"
"229","Atual Card",10328410,15863614,"Fotos Couchê 250g Verniz Total Frente 10x15cm | 14,9x9,94 cm - 4x0 - Couchê 250g - UV Total Frente - 1un",29102,520474,6,"Cliente","2021-12-09",435722,50,47.5,"VÁRZEA GRANDE","Mato Grosso","MT"
"230","Atual Card",10331236,15867544,"Fotos Couchê 250g Verniz Total Frente 10x15cm | 14,9x9,94 cm - 4x0 - Couchê 250g - UV Total Frente - 1un",29102,339454,6,"Cliente","2021-12-10",435716,10,11,"DIADEMA","São Paulo","SP"
"231","Atual Card",10331236,15867547,"Fotos Couchê 250g Verniz Total Frente 10x15cm | 14,9x9,94 cm - 4x0 - Couchê 250g - UV Total Frente - 1un",29102,339454,6,"Cliente","2021-12-10",435716,10,11,"DIADEMA","São Paulo","SP"
"232","Atual Card",10331236,15867550,"Fotos Couchê 250g Verniz Total Frente 10x15cm | 14,9x9,94 cm - 4x0 - Couchê 250g - UV Total Frente - 1un",29102,339454,6,"Cliente","2021-12-10",435716,10,11,"DIADEMA","São Paulo","SP"
"233","Atual Card",10331236,15867553,"Fotos Couchê 250g Verniz Total Frente 10x15cm | 14,9x9,94 cm - 4x0 - Couchê 250g - UV Total Frente - 1un",29102,339454,6,"Cliente","2021-12-10",435716,10,11,"DIADEMA","São Paulo","SP"
"234","Atual Card",10331236,15867556,"Fotos Couchê 250g Verniz Total Frente 10x15cm | 14,9x9,94 cm - 4x0 - Couchê 250g - UV Total Frente - 1un",29102,339454,6,"Cliente","2021-12-10",435716,10,11,"DIADEMA","São Paulo","SP"
"235","Atual Card",10331236,15867559,"Fotos Couchê 250g Verniz Total Frente 10x15cm | 14,9x9,94 cm - 4x0 - Couchê 250g - UV Total Frente - 1un",29102,339454,6,"Cliente","2021-12-10",435716,10,11,"DIADEMA","São Paulo","SP"
"236","Atual Card",10331236,15867562,"Fotos Couchê 250g Verniz Total Frente 10x15cm | 14,9x9,94 cm - 4x0 - Couchê 250g - UV Total Frente - 1un",29102,339454,6,"Cliente","2021-12-10",435716,10,11,"DIADEMA","São Paulo","SP"
"237","Atual Card",10331236,15867565,"Fotos Couchê 250g Verniz Total Frente 10x15cm | 14,9x9,94 cm - 4x0 - Couchê 250g - UV Total Frente - 1un",29102,339454,6,"Cliente","2021-12-10",435716,10,11,"DIADEMA","São Paulo","SP"
"238","Atual Card",10331236,15867568,"Fotos Couchê 250g Verniz Total Frente 10x15cm | 14,9x9,94 cm - 4x0 - Couchê 250g - UV Total Frente - 1un",29102,339454,6,"Cliente","2021-12-10",435716,10,11,"DIADEMA","São Paulo","SP"
"239","Atual Card",10331236,15867571,"Fotos Couchê 250g Verniz Total Frente 10x15cm | 14,9x9,94 cm - 4x0 - Couchê 250g - UV Total Frente - 1un",29102,339454,6,"Cliente","2021-12-10",435716,10,11,"DIADEMA","São Paulo","SP"
"240","Atual Card",10331236,15867574,"Fotos Couchê 250g Verniz Total Frente 10x15cm | 14,9x9,94 cm - 4x0 - Couchê 250g - UV Total Frente - 1un",29102,339454,6,"Cliente","2021-12-10",435716,10,11,"DIADEMA","São Paulo","SP"
"241","Atual Card",10331236,15867577,"Fotos Couchê 250g Verniz Total Frente 10x15cm | 14,9x9,94 cm - 4x0 - Couchê 250g - UV Total Frente - 1un",29102,339454,6,"Cliente","2021-12-10",435716,10,11,"DIADEMA","São Paulo","SP"
"242","Atual Card",10331236,15867580,"Fotos Couchê 250g Verniz Total Frente 10x15cm | 14,9x9,94 cm - 4x0 - Couchê 250g - UV Total Frente - 1un",29102,339454,6,"Cliente","2021-12-10",435716,12,13.2,"DIADEMA","São Paulo","SP"
"243","Atual Card",10332355,15869107,"Fotos Couchê 250g Verniz Total Frente 15x21cm | 15x21 cm - 4x0 - Couchê 250g - UV Total Frente - 1un",29099,478021,6,"Cliente","2021-12-10",435701,20,41,"SAO VICENTE","São Paulo","SP"
"244","Atual Card",10335295,15873700,"Fotos Couchê 250g Verniz Total Frente 10x15cm | 14,9x9,94 cm - 4x0 - Couchê 250g - UV Total Frente - 1un",29102,161566,6,"Cliente","2021-12-10",435722,61,57.95,"BRUSQUE","Santa Catarina","SC"
"245","Atual Card",10339249,15879454,"Fotos Couchê 250g Verniz Total Frente 10x15cm | 14,9x9,94 cm - 4x0 - Couchê 250g - UV Total Frente - 1un",29102,504067,50,"Revendedor Autorizado","2021-12-13",435725,104,65.52,"CAMPINAS","São Paulo","SP"
"246","Atual Card",10345873,15888904,"Fotos Couchê 250g Verniz Total Frente 10x15cm | 14,9x9,94 cm - 4x0 - Couchê 250g - UV Total Frente - 1un",29102,78459,6,"Cliente","2021-12-13",435716,10,11,"GUARAPUAVA","Paraná","PR"
"247","Atual Card",10347508,15891250,"Fotos Couchê 250g Verniz Total Frente 10x15cm | 14,9x9,94 cm - 4x0 - Couchê 250g - UV Total Frente - 1un",29102,47369,6,"Cliente","2021-12-14",435713,5,6,"JESUITAS","Paraná","PR"
"248","Atual Card",10348258,15892306,"Fotos Couchê 250g Verniz Total Frente 10x15cm | 14,9x9,94 cm - 4x0 - Couchê 250g - UV Total Frente - 1un",29102,5291,50,"Revendedor Autorizado","2021-12-14",435722,34,32.3,"COLOMBO","Paraná","PR"
"249","Atual Card",10351783,15897253,"Fotos Couchê 250g Verniz Total Frente 10x15cm | 14,9x9,94 cm - 4x0 - Couchê 250g - UV Total Frente - 1un",29102,339454,6,"Cliente","2021-12-14",435716,10,11,"DIADEMA","São Paulo","SP"
"250","Atual Card",10351783,15897256,"Fotos Couchê 250g Verniz Total Frente 10x15cm | 14,9x9,94 cm - 4x0 - Couchê 250g - UV Total Frente - 1un",29102,339454,6,"Cliente","2021-12-14",435716,10,11,"DIADEMA","São Paulo","SP"
"251","Atual Card",10351783,15897259,"Fotos Couchê 250g Verniz Total Frente 10x15cm | 14,9x9,94 cm - 4x0 - Couchê 250g - UV Total Frente - 1un",29102,339454,6,"Cliente","2021-12-14",435716,10,11,"DIADEMA","São Paulo","SP"
"252","Atual Card",10360234,15909403,"Fotos Couchê 250g Verniz Total Frente 10x15cm | 14,9x9,94 cm - 4x0 - Couchê 250g - UV Total Frente - 1un",29102,162148,6,"Cliente","2021-12-15",435719,20,19,"IRACEMAPOLIS","São Paulo","SP"
"253","Atual Card",10361554,15911443,"Fotos Couchê 250g Verniz Total Frente 10x15cm | 14,9x9,94 cm - 4x0 - Couchê 250g - UV Total Frente - 1un",29102,168967,50,"Revendedor Autorizado","2021-12-15",435722,37,35.15,"EMBU DAS ARTES","São Paulo","SP"
"254","Atual Card",10361554,15911446,"Fotos Couchê 250g Verniz Total Frente 15x21cm | 15x21 cm - 4x0 - Couchê 250g - UV Total Frente - 1un",29099,168967,50,"Revendedor Autorizado","2021-12-15",435695,5,11.5,"EMBU DAS ARTES","São Paulo","SP"
"255","Atual Card",10367020,15919054,"Fotos Couchê 250g Verniz Total Frente 15x21cm | 15x21 cm - 4x0 - Couchê 250g - UV Total Frente - 1un",29099,529576,6,"Cliente","2021-12-16",435695,5,11.5,"CAMPOS DO JORDAO","São Paulo","SP"
"256","Atual Card",10370614,15924028,"Fotos Couchê 250g Verniz Total Frente 15x21cm | 15x21 cm - 4x0 - Couchê 250g - UV Total Frente - 1un",29099,5268,50,"Revendedor Autorizado","2021-12-17",435695,6,13.8,"CAJAMAR","São Paulo","SP"
"257","Atual Card",10375027,15930466,"Fotos Couchê 250g Verniz Total Frente 10x15cm | 14,9x9,94 cm - 4x0 - Couchê 250g - UV Total Frente - 1un",29102,174361,25,"Agente Oficial","2021-12-20",435713,6,7.2,"SAO PAULO","São Paulo","SP"
"258","Atual Card",10376131,15932065,"Fotos Couchê 250g Verniz Total Frente 15x21cm | 15x21 cm - 4x0 - Couchê 250g - UV Total Frente - 1un",29099,429856,50,"Revendedor Autorizado","2021-12-20",435704,85,161.5,"SAO PAULO","São Paulo","SP"
"259","Atual Card",10377484,15934078,"Fotos Couchê 250g Verniz Total Frente 10x15cm | 14,9x9,94 cm - 4x0 - Couchê 250g - UV Total Frente - 1un",29102,191362,86,"Ativo Consultores","2021-12-20",435719,25,25,"SOROCABA","São Paulo","SP"
"260","Atual Card",10382632,15941149,"Fotos Couchê 250g Verniz Total Frente 10x15cm | 14,9x9,94 cm - 4x0 - Couchê 250g - UV Total Frente - 1un",29102,191362,86,"Ativo Consultores","2021-12-21",435713,8,9.6,"SOROCABA","São Paulo","SP"
"261","Atual Card",10382698,15941236,"Fotos Couchê 250g Verniz Total Frente 15x21cm | 15x21 cm - 4x0 - Couchê 250g - UV Total Frente - 1un",29099,5268,50,"Revendedor Autorizado","2021-12-21",435695,6,13.8,"CAJAMAR","São Paulo","SP"
"262","Atual Card",10382947,15941599,"Fotos Couchê 250g Verniz Total Frente 10x15cm | 14,9x9,94 cm - 4x0 - Couchê 250g - UV Total Frente - 1un",29102,191362,86,"Ativo Consultores","2021-12-21",435716,13,14.3,"SOROCABA","São Paulo","SP"
"263","Atual Card",10388032,15948817,"Fotos Couchê 250g Verniz Total Frente 10x15cm | 14,9x9,94 cm - 4x0 - Couchê 250g - UV Total Frente - 1un",29102,528508,6,"Cliente","2021-12-22",435722,32,28.8,"GUARULHOS","São Paulo","SP"
"264","Atual Card",10391407,15953824,"Fotos Couchê 250g Verniz Total Frente 10x15cm | 14,9x9,94 cm - 4x0 - Couchê 250g - UV Total Frente - 1un",29102,136175,6,"Cliente","2021-12-24",435722,65,58.5,"PASSO FUNDO","Rio Grande do Sul","RS"
"265","Atual Card",10394476,15958138,"Fotos Couchê 250g Verniz Total Frente 15x21cm | 15x21 cm - 4x0 - Couchê 250g - UV Total Frente - 1un",29099,429856,50,"Revendedor Autorizado","2021-12-28",435704,37,70.3,"SAO PAULO","São Paulo","SP"
"266","Atual Card",10404778,15972607,"Fotos Couchê 250g Verniz Total Frente 10x15cm | 14,9x9,94 cm - 4x0 - Couchê 250g - UV Total Frente - 1un",29102,420334,6,"Cliente","2022-01-04",435713,9,10.26,"CAMPO LARGO","Paraná","PR"
"267","Atual Card",10443013,16028554,"Fotos Couchê 250g Verniz Total Frente 10x15cm | 14,9x9,94 cm - 4x0 - Couchê 250g - UV Total Frente - 1un",29102,278050,6,"Cliente","2022-01-12",435722,38,36.1,"CURITIBA","Paraná","PR"
"268","Atual Card",10447888,16035664,"Fotos Couchê 250g Verniz Total Frente 10x15cm | 14,9x9,94 cm - 4x0 - Couchê 250g - UV Total Frente - 1un",29102,499891,6,"Cliente","2022-01-12",435722,60,57,"BELEM","Pará","PA"
"269","Atual Card",10448080,16036012,"Fotos Couchê 250g Verniz Total Frente 10x15cm | 14,9x9,94 cm - 4x0 - Couchê 250g - UV Total Frente - 1un",29102,132257,6,"Cliente","2022-01-12",435719,25,23.75,"ABATIA","Paraná","PR"
"270","Atual Card",10454995,16046224,"Fotos Couchê 250g Verniz Total Frente 10x15cm | 14,9x9,94 cm - 4x0 - Couchê 250g - UV Total Frente - 1un",29102,339454,6,"Cliente","2022-01-13",435722,30,28.5,"DIADEMA","São Paulo","SP"
"271","Atual Card",10455682,16047373,"Fotos Couchê 250g Verniz Total Frente 10x15cm | 14,9x9,94 cm - 4x0 - Couchê 250g - UV Total Frente - 1un",29102,175686,6,"Cliente","2022-01-13",435728,173,129.75,"TURVO","Santa Catarina","SC"
"272","Atual Card",10463128,16058692,"Fotos Couchê 250g Verniz Total Frente 10x15cm | 14,9x9,94 cm - 4x0 - Couchê 250g - UV Total Frente - 1un",29102,68594,50,"Revendedor Autorizado","2022-01-16",435713,5,6,"CURITIBA","Paraná","PR"
"273","Atual Card",10474981,16076239,"Fotos Couchê 250g Verniz Total Frente 10x15cm | 14,9x9,94 cm - 4x0 - Couchê 250g - UV Total Frente - 1un",29102,194391,6,"Cliente","2022-01-18",435719,16,16,"JUÍNA","Mato Grosso","MT"
"274","Atual Card",10492762,16102690,"Fotos Couchê 250g Verniz Total Frente 15x21cm | 15x21 cm - 4x0 - Couchê 250g - UV Total Frente - 1un",29099,422125,50,"Revendedor Autorizado","2022-01-21",435707,100,175,"CIANORTE","Paraná","PR"
"275","Atual Card",10497805,16110274,"Fotos Couchê 250g Verniz Total Frente 10x15cm | 14,9x9,94 cm - 4x0 - Couchê 250g - UV Total Frente - 1un",29102,339454,6,"Cliente","2022-01-22",435713,5,6,"DIADEMA","São Paulo","SP"
"276","Atual Card",10508425,16125433,"Fotos Couchê 250g Verniz Total Frente 10x15cm | 14,9x9,94 cm - 4x0 - Couchê 250g - UV Total Frente - 1un",29102,487726,6,"Cliente","2022-01-25",435713,5,6,"RIO DE JANEIRO","Rio de Janeiro","RJ"
"277","Atual Card",10522273,16145683,"Fotos Couchê 250g Verniz Total Frente 10x15cm | 14,9x9,94 cm - 4x0 - Couchê 250g - UV Total Frente - 1un",29102,175686,6,"Cliente","2022-01-27",435725,120,108,"TURVO","Santa Catarina","SC"
"278","Atual Card",10554745,16193110,"Fotos Couchê 250g Verniz Total Frente 10x15cm | 14,9x9,94 cm - 4x0 - Couchê 250g - UV Total Frente - 1un",29102,199059,25,"Agente Oficial","2022-02-03",435719,20,24,"CURITIBA","Paraná","PR"
"279","Atual Card",10558066,16197808,"Fotos Couchê 250g Verniz Total Frente 15x21cm | 15x21 cm - 4x0 - Couchê 250g - UV Total Frente - 1un",29099,429856,50,"Revendedor Autorizado","2022-02-03",435701,22,52.8,"SAO PAULO","São Paulo","SP"
"280","Atual Card",10569550,16215079,"Fotos Couchê 250g Verniz Total Frente 10x15cm | 14,9x9,94 cm - 4x0 - Couchê 250g - UV Total Frente - 1un",29102,452047,50,"Revendedor Autorizado","2022-02-07",435716,12,15.6,"SAO PAULO","São Paulo","SP"
"281","Atual Card",10603774,16264828,"Fotos Couchê 250g Verniz Total Frente 10x15cm | 14,9x9,94 cm - 4x0 - Couchê 250g - UV Total Frente - 1un",29102,339454,6,"Cliente","2022-02-13",435725,100,105,"DIADEMA","São Paulo","SP"
"282","Atual Card",10603780,16264834,"Fotos Couchê 250g Verniz Total Frente 10x15cm | 14,9x9,94 cm - 4x0 - Couchê 250g - UV Total Frente - 1un",29102,473722,6,"Cliente","2022-02-13",435713,5,7,"SANTA MARIA","Rio Grande do Sul","RS"
"283","Atual Card",10604998,16266550,"Fotos Couchê 250g Verniz Total Frente 15x21cm | 15x21 cm - 4x0 - Couchê 250g - UV Total Frente - 1un",29099,47369,6,"Cliente","2022-02-14",435695,5,13.25,"JESUITAS","Paraná","PR"
"284","Atual Card",10620970,16289359,"Fotos Couchê 250g Verniz Total Frente 10x15cm | 14,9x9,94 cm - 4x0 - Couchê 250g - UV Total Frente - 1un",29102,478021,6,"Cliente","2022-02-16",435719,15,18,"SAO VICENTE","São Paulo","SP"
"285","Mais Barato",3073696,5095726,"Fotos Couchê 250g Verniz Total Frente 10x15cm | 14,9x9,94 cm - 4x0 - Couchê 250g - UV Total Frente - 1un",29102,142684,6,"Cliente","2021-04-03",435716,14,11.48,"PARANAGUA","Paraná","PR"
"286","Mais Barato",3080389,5107021,"Fotos Couchê 250g Verniz Total Frente 10x15cm | 14,9x9,94 cm - 4x0 - Couchê 250g - UV Total Frente - 1un",29102,173470,6,"Cliente","2021-04-10",435716,10,8.2,"CASCAVEL","Paraná","PR"
"287","Mais Barato",3092641,5127949,"Fotos Couchê 250g Verniz Total Frente 10x15cm | 14,9x9,94 cm - 4x0 - Couchê 250g - UV Total Frente - 1un",29102,173470,6,"Cliente","2021-04-22",435719,17,16.83,"CASCAVEL","Paraná","PR"
"288","Mais Barato",3094576,5131288,"Fotos Couchê 250g Verniz Total Frente 15x21cm | 15x21 cm - 4x0 - Couchê 250g - UV Total Frente - 1un",29099,142684,6,"Cliente","2021-04-23",435695,5,9.95,"PARANAGUA","Paraná","PR"
"289","Mais Barato",3104422,5148208,"Fotos Couchê 250g Verniz Total Frente 10x15cm | 14,9x9,94 cm - 4x0 - Couchê 250g - UV Total Frente - 1un",29102,43638,6,"Cliente","2021-05-03",435719,21,20.79,"PRESIDENTE PRUDENTE","São Paulo","SP"
"290","Mais Barato",3105046,5149279,"Fotos Couchê 250g Verniz Total Frente 10x15cm | 14,9x9,94 cm - 4x0 - Couchê 250g - UV Total Frente - 1un",29102,34311,6,"Cliente","2021-05-03",435719,25,24.75,"FLORIANOPOLIS","Santa Catarina","SC"
"291","Mais Barato",3117196,5170144,"Fotos Couchê 250g Verniz Total Frente 10x15cm | 14,9x9,94 cm - 4x0 - Couchê 250g - UV Total Frente - 1un",29102,24199,6,"Cliente","2021-05-13",435716,11,10.89,"SAO PAULO","São Paulo","SP"
"292","Mais Barato",3120292,5175340,"Fotos Couchê 250g Verniz Total Frente 10x15cm | 14,9x9,94 cm - 4x0 - Couchê 250g - UV Total Frente - 1un",29102,142684,6,"Cliente","2021-05-17",435719,20,19.8,"PARANAGUA","Paraná","PR"
"293","Mais Barato",3124183,5181706,"Fotos Couchê 250g Verniz Total Frente 15x21cm | 15x21 cm - 4x0 - Couchê 250g - UV Total Frente - 1un",29099,24199,6,"Cliente","2021-05-19",435695,5,9.95,"SAO PAULO","São Paulo","SP"
"294","Mais Barato",3124291,5181913,"Fotos Couchê 250g Verniz Total Frente 10x15cm | 14,9x9,94 cm - 4x0 - Couchê 250g - UV Total Frente - 1un",29102,28906,6,"Cliente","2021-05-19",435713,8,7.92,"NAVEGANTES","Santa Catarina","SC"
"295","Mais Barato",3125599,5184112,"Fotos Couchê 250g Verniz Total Frente 10x15cm | 14,9x9,94 cm - 4x0 - Couchê 250g - UV Total Frente - 1un",29102,38553,6,"Cliente","2021-05-20",435713,9,8.91,"SCHROEDER","Santa Catarina","SC"
"296","Mais Barato",3131185,5193742,"Fotos Couchê 250g Verniz Total Frente 10x15cm | 14,9x9,94 cm - 4x0 - Couchê 250g - UV Total Frente - 1un",29102,24199,6,"Cliente","2021-05-25",435716,10,9.9,"SAO PAULO","São Paulo","SP"
"297","Mais Barato",3143674,5214820,"Fotos Couchê 250g Verniz Total Frente 10x15cm | 14,9x9,94 cm - 4x0 - Couchê 250g - UV Total Frente - 1un",29102,24199,6,"Cliente","2021-06-05",435719,28,27.72,"SAO PAULO","São Paulo","SP"
"298","Mais Barato",3159367,5241442,"Fotos Couchê 250g Verniz Total Frente 10x15cm | 14,9x9,94 cm - 4x0 - Couchê 250g - UV Total Frente - 1un",29102,24199,6,"Cliente","2021-06-18",435716,10,9.9,"SAO PAULO","São Paulo","SP"
"299","Mais Barato",3159367,5241445,"Fotos Couchê 250g Verniz Total Frente 10x15cm | 14,9x9,94 cm - 4x0 - Couchê 250g - UV Total Frente - 1un",29102,24199,6,"Cliente","2021-06-18",435725,100,99,"SAO PAULO","São Paulo","SP"
"300","Mais Barato",3159367,5241448,"Fotos Couchê 250g Verniz Total Frente 15x21cm | 15x21 cm - 4x0 - Couchê 250g - UV Total Frente - 1un",29099,24199,6,"Cliente","2021-06-18",435698,10,19.9,"SAO PAULO","São Paulo","SP"
"301","Mais Barato",3161920,5245918,"Fotos Couchê 250g Verniz Total Frente 10x15cm | 14,9x9,94 cm - 4x0 - Couchê 250g - UV Total Frente - 1un",29102,24199,6,"Cliente","2021-06-21",435719,25,24.75,"SAO PAULO","São Paulo","SP"
"302","Mais Barato",3190387,5294485,"Fotos Couchê 250g Verniz Total Frente 10x15cm | 14,9x9,94 cm - 4x0 - Couchê 250g - UV Total Frente - 1un",29102,43638,6,"Cliente","2021-07-14",435719,21,20.79,"PRESIDENTE PRUDENTE","São Paulo","SP"
"303","Mais Barato",3194848,5302108,"Fotos Couchê 250g Verniz Total Frente 10x15cm | 14,9x9,94 cm - 4x0 - Couchê 250g - UV Total Frente - 1un",29102,24199,6,"Cliente","2021-07-19",435716,10,9.9,"SAO PAULO","São Paulo","SP"
"304","Mais Barato",3214405,5335327,"Fotos Couchê 250g Verniz Total Frente 10x15cm | 14,9x9,94 cm - 4x0 - Couchê 250g - UV Total Frente - 1un",29102,43638,6,"Cliente","2021-08-03",435716,10,9.9,"PRESIDENTE PRUDENTE","São Paulo","SP"
"305","Mais Barato",3214405,5335330,"Fotos Couchê 250g Verniz Total Frente 10x15cm | 14,9x9,94 cm - 4x0 - Couchê 250g - UV Total Frente - 1un",29102,43638,6,"Cliente","2021-08-03",435719,20,19.8,"PRESIDENTE PRUDENTE","São Paulo","SP"
"306","Mais Barato",3214405,5335333,"Fotos Couchê 250g Verniz Total Frente 10x15cm | 14,9x9,94 cm - 4x0 - Couchê 250g - UV Total Frente - 1un",29102,43638,6,"Cliente","2021-08-03",435719,20,19.8,"PRESIDENTE PRUDENTE","São Paulo","SP"
"307","Mais Barato",3226279,5356246,"Fotos Couchê 250g Verniz Total Frente 15x21cm | 15x21 cm - 4x0 - Couchê 250g - UV Total Frente - 1un",29099,146539,6,"Cliente","2021-08-12",435695,5,9.95,"CAMPO MOURAO","Paraná","PR"
"308","Mais Barato",3227974,5359258,"Fotos Couchê 250g Verniz Total Frente 10x15cm | 14,9x9,94 cm - 4x0 - Couchê 250g - UV Total Frente - 1un",29102,24199,6,"Cliente","2021-08-14",435716,10,9.9,"SAO PAULO","São Paulo","SP"
"309","Mais Barato",3229333,5361421,"Fotos Couchê 250g Verniz Total Frente 10x15cm | 14,9x9,94 cm - 4x0 - Couchê 250g - UV Total Frente - 1un",29102,24199,6,"Cliente","2021-08-16",435722,60,59.4,"SAO PAULO","São Paulo","SP"
"310","Mais Barato",3231271,5364709,"Fotos Couchê 250g Verniz Total Frente 10x15cm | 14,9x9,94 cm - 4x0 - Couchê 250g - UV Total Frente - 1un",29102,24199,6,"Cliente","2021-08-17",435719,20,19.8,"SAO PAULO","São Paulo","SP"
"311","Mais Barato",3231949,5366002,"Fotos Couchê 250g Verniz Total Frente 10x15cm | 14,9x9,94 cm - 4x0 - Couchê 250g - UV Total Frente - 1un",29102,45388,6,"Cliente","2021-08-17",435713,5,4.95,"ROSEIRA","São Paulo","SP"
"312","Mais Barato",3236761,5374327,"Fotos Couchê 250g Verniz Total Frente 15x21cm | 15x21 cm - 4x0 - Couchê 250g - UV Total Frente - 1un",29099,24199,6,"Cliente","2021-08-21",435695,5,10.25,"SAO PAULO","São Paulo","SP"
"313","Mais Barato",3242221,5383549,"Fotos Couchê 250g Verniz Total Frente 10x15cm | 14,9x9,94 cm - 4x0 - Couchê 250g - UV Total Frente - 1un",29102,43638,6,"Cliente","2021-08-25",435719,26,26.52,"PRESIDENTE PRUDENTE","São Paulo","SP"
"314","Mais Barato",3245617,5389603,"Fotos Couchê 250g Verniz Total Frente 10x15cm | 14,9x9,94 cm - 4x0 - Couchê 250g - UV Total Frente - 1un",29102,43638,6,"Cliente","2021-08-28",435719,16,16.32,"PRESIDENTE PRUDENTE","São Paulo","SP"
"315","Mais Barato",3249109,5395279,"Fotos Couchê 250g Verniz Total Frente 10x15cm | 14,9x9,94 cm - 4x0 - Couchê 250g - UV Total Frente - 1un",29102,43638,6,"Cliente","2021-08-31",435719,20,20.4,"PRESIDENTE PRUDENTE","São Paulo","SP"
"316","Mais Barato",3250696,5397748,"Fotos Couchê 250g Verniz Total Frente 10x15cm | 14,9x9,94 cm - 4x0 - Couchê 250g - UV Total Frente - 1un",29102,52296,6,"Cliente","2021-09-01",435722,50,51,"DIADEMA","São Paulo","SP"
"317","Mais Barato",3258010,5410417,"Fotos Couchê 250g Verniz Total Frente 15x21cm | 15x21 cm - 4x0 - Couchê 250g - UV Total Frente - 1un",29099,45001,6,"Cliente","2021-09-09",435695,9,18.45,"PASSO FUNDO","Rio Grande do Sul","RS"
"318","Mais Barato",3258037,5410456,"Fotos Couchê 250g Verniz Total Frente 10x15cm | 14,9x9,94 cm - 4x0 - Couchê 250g - UV Total Frente - 1un",29102,24199,6,"Cliente","2021-09-09",435722,34,34.68,"SAO PAULO","São Paulo","SP"
"319","Mais Barato",3260494,5414809,"Fotos Couchê 250g Verniz Total Frente 10x15cm | 14,9x9,94 cm - 4x0 - Couchê 250g - UV Total Frente - 1un",29102,43638,6,"Cliente","2021-09-11",435719,25,25.5,"PRESIDENTE PRUDENTE","São Paulo","SP"
"320","Mais Barato",3260494,5414812,"Fotos Couchê 250g Verniz Total Frente 10x15cm | 14,9x9,94 cm - 4x0 - Couchê 250g - UV Total Frente - 1un",29102,43638,6,"Cliente","2021-09-11",435722,30,30.6,"PRESIDENTE PRUDENTE","São Paulo","SP"
"321","Mais Barato",3261892,5417329,"Fotos Couchê 250g Verniz Total Frente 10x15cm | 14,9x9,94 cm - 4x0 - Couchê 250g - UV Total Frente - 1un",29102,43638,6,"Cliente","2021-09-13",435722,30,30.6,"PRESIDENTE PRUDENTE","São Paulo","SP"
"322","Mais Barato",3261892,5417332,"Fotos Couchê 250g Verniz Total Frente 10x15cm | 14,9x9,94 cm - 4x0 - Couchê 250g - UV Total Frente - 1un",29102,43638,6,"Cliente","2021-09-13",435719,20,20.4,"PRESIDENTE PRUDENTE","São Paulo","SP"
"323","Mais Barato",3264745,5422114,"Fotos Couchê 250g Verniz Total Frente 10x15cm | 14,9x9,94 cm - 4x0 - Couchê 250g - UV Total Frente - 1un",29102,43638,6,"Cliente","2021-09-15",435713,6,6.12,"PRESIDENTE PRUDENTE","São Paulo","SP"
"324","Mais Barato",3264745,5422117,"Fotos Couchê 250g Verniz Total Frente 10x15cm | 14,9x9,94 cm - 4x0 - Couchê 250g - UV Total Frente - 1un",29102,43638,6,"Cliente","2021-09-15",435716,10,10.2,"PRESIDENTE PRUDENTE","São Paulo","SP"
"325","Mais Barato",3266077,5424235,"Fotos Couchê 250g Verniz Total Frente 10x15cm | 14,9x9,94 cm - 4x0 - Couchê 250g - UV Total Frente - 1un",29102,43638,6,"Cliente","2021-09-16",435719,22,22.44,"PRESIDENTE PRUDENTE","São Paulo","SP"
"326","Mais Barato",3266077,5424238,"Fotos Couchê 250g Verniz Total Frente 10x15cm | 14,9x9,94 cm - 4x0 - Couchê 250g - UV Total Frente - 1un",29102,43638,6,"Cliente","2021-09-16",435719,22,22.44,"PRESIDENTE PRUDENTE","São Paulo","SP"
"327","Mais Barato",3267532,5426860,"Fotos Couchê 250g Verniz Total Frente 10x15cm | 14,9x9,94 cm - 4x0 - Couchê 250g - UV Total Frente - 1un",29102,43638,6,"Cliente","2021-09-16",435722,31,31.62,"PRESIDENTE PRUDENTE","São Paulo","SP"
"328","Mais Barato",3271063,5433010,"Fotos Couchê 250g Verniz Total Frente 10x15cm | 14,9x9,94 cm - 4x0 - Couchê 250g - UV Total Frente - 1un",29102,43638,6,"Cliente","2021-09-20",435719,25,25.5,"PRESIDENTE PRUDENTE","São Paulo","SP"
"329","Mais Barato",3279313,5446951,"Fotos Couchê 250g Verniz Total Frente 10x15cm | 14,9x9,94 cm - 4x0 - Couchê 250g - UV Total Frente - 1un",29102,142684,6,"Cliente","2021-09-27",435719,20,20.4,"PARANAGUA","Paraná","PR"
"330","Mais Barato",3287056,5460178,"Fotos Couchê 250g Verniz Total Frente 10x15cm | 14,9x9,94 cm - 4x0 - Couchê 250g - UV Total Frente - 1un",29102,43638,6,"Cliente","2021-10-03",435719,20,20.4,"PRESIDENTE PRUDENTE","São Paulo","SP"
"331","Mais Barato",3290578,5466013,"Fotos Couchê 250g Verniz Total Frente 10x15cm | 14,9x9,94 cm - 4x0 - Couchê 250g - UV Total Frente - 1un",29102,43638,6,"Cliente","2021-10-05",435722,30,35.1,"PRESIDENTE PRUDENTE","São Paulo","SP"
"332","Mais Barato",3290578,5466016,"Fotos Couchê 250g Verniz Total Frente 10x15cm | 14,9x9,94 cm - 4x0 - Couchê 250g - UV Total Frente - 1un",29102,43638,6,"Cliente","2021-10-05",435719,25,29.25,"PRESIDENTE PRUDENTE","São Paulo","SP"
"333","Mais Barato",3293905,5471602,"Fotos Couchê 250g Verniz Total Frente 10x15cm | 14,9x9,94 cm - 4x0 - Couchê 250g - UV Total Frente - 1un",29102,43638,6,"Cliente","2021-10-07",435719,25,29.25,"PRESIDENTE PRUDENTE","São Paulo","SP"
"334","Mais Barato",3295747,5474938,"Fotos Couchê 250g Verniz Total Frente 10x15cm | 14,9x9,94 cm - 4x0 - Couchê 250g - UV Total Frente - 1un",29102,43638,6,"Cliente","2021-10-10",435722,30,35.1,"PRESIDENTE PRUDENTE","São Paulo","SP"
"335","Mais Barato",3297031,5476981,"Fotos Couchê 250g Verniz Total Frente 10x15cm | 14,9x9,94 cm - 4x0 - Couchê 250g - UV Total Frente - 1un",29102,43638,6,"Cliente","2021-10-11",435722,30,35.1,"PRESIDENTE PRUDENTE","São Paulo","SP"
"336","Mais Barato",3309490,5497693,"Fotos Couchê 250g Verniz Total Frente 10x15cm | 14,9x9,94 cm - 4x0 - Couchê 250g - UV Total Frente - 1un",29102,43638,6,"Cliente","2021-10-21",435716,11,12.87,"PRESIDENTE PRUDENTE","São Paulo","SP"
"337","Mais Barato",3316375,5509447,"Fotos Couchê 250g Verniz Total Frente 10x15cm | 14,9x9,94 cm - 4x0 - Couchê 250g - UV Total Frente - 1un",29102,43638,6,"Cliente","2021-10-27",435719,26,30.42,"PRESIDENTE PRUDENTE","São Paulo","SP"
"338","Mais Barato",3317635,5511541,"Fotos Couchê 250g Verniz Total Frente 10x15cm | 14,9x9,94 cm - 4x0 - Couchê 250g - UV Total Frente - 1un",29102,43638,6,"Cliente","2021-10-28",435719,21,24.57,"PRESIDENTE PRUDENTE","São Paulo","SP"
"339","Mais Barato",3318286,5512747,"Fotos Couchê 250g Verniz Total Frente 10x15cm | 14,9x9,94 cm - 4x0 - Couchê 250g - UV Total Frente - 1un",29102,43638,6,"Cliente","2021-10-28",435719,21,24.57,"PRESIDENTE PRUDENTE","São Paulo","SP"
"340","Mais Barato",3318865,5513749,"Fotos Couchê 250g Verniz Total Frente 10x15cm | 14,9x9,94 cm - 4x0 - Couchê 250g - UV Total Frente - 1un",29102,43638,6,"Cliente","2021-10-29",435719,23,26.91,"PRESIDENTE PRUDENTE","São Paulo","SP"
"341","Mais Barato",3321613,5518456,"Fotos Couchê 250g Verniz Total Frente 10x15cm | 14,9x9,94 cm - 4x0 - Couchê 250g - UV Total Frente - 1un",29102,18347,6,"Cliente","2021-11-01",435719,17,19.89,"SAO PAULO","São Paulo","SP"
"342","Mais Barato",3329512,5531446,"Fotos Couchê 250g Verniz Total Frente 10x15cm | 14,9x9,94 cm - 4x0 - Couchê 250g - UV Total Frente - 1un",29102,43638,6,"Cliente","2021-11-09",435719,20,23.4,"PRESIDENTE PRUDENTE","São Paulo","SP"
"343","Mais Barato",3329512,5531449,"Fotos Couchê 250g Verniz Total Frente 10x15cm | 14,9x9,94 cm - 4x0 - Couchê 250g - UV Total Frente - 1un",29102,43638,6,"Cliente","2021-11-09",435719,26,30.42,"PRESIDENTE PRUDENTE","São Paulo","SP"
"344","Mais Barato",3335251,5541346,"Fotos Couchê 250g Verniz Total Frente 10x15cm | 14,9x9,94 cm - 4x0 - Couchê 250g - UV Total Frente - 1un",29102,43638,6,"Cliente","2021-11-11",435719,15,19.5,"PRESIDENTE PRUDENTE","São Paulo","SP"
"345","Mais Barato",3345574,5558476,"Fotos Couchê 250g Verniz Total Frente 10x15cm | 14,9x9,94 cm - 4x0 - Couchê 250g - UV Total Frente - 1un",29102,73604,6,"Cliente","2021-11-22",435722,33,42.9,"ITAJAI","Santa Catarina","SC"
"346","Mais Barato",3358720,5580130,"Fotos Couchê 250g Verniz Total Frente 10x15cm | 14,9x9,94 cm - 4x0 - Couchê 250g - UV Total Frente - 1un",29102,43638,6,"Cliente","2021-12-01",435719,25,32.5,"PRESIDENTE PRUDENTE","São Paulo","SP"
"347","Mais Barato",3361966,5585596,"Fotos Couchê 250g Verniz Total Frente 10x15cm | 14,9x9,94 cm - 4x0 - Couchê 250g - UV Total Frente - 1un",29102,43638,6,"Cliente","2021-12-04",435722,30,39,"PRESIDENTE PRUDENTE","São Paulo","SP"
"348","Mais Barato",3361966,5585599,"Fotos Couchê 250g Verniz Total Frente 10x15cm | 14,9x9,94 cm - 4x0 - Couchê 250g - UV Total Frente - 1un",29102,43638,6,"Cliente","2021-12-04",435719,15,19.5,"PRESIDENTE PRUDENTE","São Paulo","SP"
"349","Mais Barato",3367669,5594395,"Fotos Couchê 250g Verniz Total Frente 10x15cm | 14,9x9,94 cm - 4x0 - Couchê 250g - UV Total Frente - 1un",29102,43638,6,"Cliente","2021-12-08",435719,25,32.5,"PRESIDENTE PRUDENTE","São Paulo","SP"
"350","Mais Barato",3374209,5604733,"Fotos Couchê 250g Verniz Total Frente 10x15cm | 14,9x9,94 cm - 4x0 - Couchê 250g - UV Total Frente - 1un",29102,43638,6,"Cliente","2021-12-14",435719,15,19.5,"PRESIDENTE PRUDENTE","São Paulo","SP"
"351","Mais Barato",3374209,5604736,"Fotos Couchê 250g Verniz Total Frente 10x15cm | 14,9x9,94 cm - 4x0 - Couchê 250g - UV Total Frente - 1un",29102,43638,6,"Cliente","2021-12-14",435719,15,19.5,"PRESIDENTE PRUDENTE","São Paulo","SP"
"352","Mais Barato",3374209,5604739,"Fotos Couchê 250g Verniz Total Frente 10x15cm | 14,9x9,94 cm - 4x0 - Couchê 250g - UV Total Frente - 1un",29102,43638,6,"Cliente","2021-12-14",435719,15,19.5,"PRESIDENTE PRUDENTE","São Paulo","SP"
"353","Mais Barato",3376873,5608840,"Fotos Couchê 250g Verniz Total Frente 10x15cm | 14,9x9,94 cm - 4x0 - Couchê 250g - UV Total Frente - 1un",29102,43638,6,"Cliente","2021-12-16",435719,15,19.5,"PRESIDENTE PRUDENTE","São Paulo","SP"
"354","Mais Barato",3376873,5608843,"Fotos Couchê 250g Verniz Total Frente 10x15cm | 14,9x9,94 cm - 4x0 - Couchê 250g - UV Total Frente - 1un",29102,43638,6,"Cliente","2021-12-16",435719,25,32.5,"PRESIDENTE PRUDENTE","São Paulo","SP"
"355","Mais Barato",3382090,5616943,"Fotos Couchê 250g Verniz Total Frente 10x15cm | 14,9x9,94 cm - 4x0 - Couchê 250g - UV Total Frente - 1un",29102,43638,6,"Cliente","2021-12-22",435719,20,26,"PRESIDENTE PRUDENTE","São Paulo","SP"
"356","Mais Barato",3382090,5616946,"Fotos Couchê 250g Verniz Total Frente 10x15cm | 14,9x9,94 cm - 4x0 - Couchê 250g - UV Total Frente - 1un",29102,43638,6,"Cliente","2021-12-22",435719,20,26,"PRESIDENTE PRUDENTE","São Paulo","SP"
"357","Mais Barato",3384127,5620060,"Fotos Couchê 250g Verniz Total Frente 10x15cm | 14,9x9,94 cm - 4x0 - Couchê 250g - UV Total Frente - 1un",29102,43638,6,"Cliente","2021-12-28",435719,25,25,"PRESIDENTE PRUDENTE","São Paulo","SP"
"358","Mais Barato",3385018,5621455,"Fotos Couchê 250g Verniz Total Frente 10x15cm | 14,9x9,94 cm - 4x0 - Couchê 250g - UV Total Frente - 1un",29102,43638,6,"Cliente","2021-12-31",435719,20,20,"PRESIDENTE PRUDENTE","São Paulo","SP"
"359","Mais Barato",3385018,5621464,"Fotos Couchê 250g Verniz Total Frente 10x15cm | 14,9x9,94 cm - 4x0 - Couchê 250g - UV Total Frente - 1un",29102,43638,6,"Cliente","2021-12-31",435719,20,20,"PRESIDENTE PRUDENTE","São Paulo","SP"
"360","Mais Barato",3385018,5621467,"Fotos Couchê 250g Verniz Total Frente 10x15cm | 14,9x9,94 cm - 4x0 - Couchê 250g - UV Total Frente - 1un",29102,43638,6,"Cliente","2021-12-31",435719,25,25,"PRESIDENTE PRUDENTE","São Paulo","SP"
"361","Mais Barato",3385324,5621905,"Fotos Couchê 250g Verniz Total Frente 10x15cm | 14,9x9,94 cm - 4x0 - Couchê 250g - UV Total Frente - 1un",29102,137701,6,"Cliente","2022-01-03",435719,23,23,"NOVA BRASILANDIA D'OESTE","Rondônia","RO"
"362","Mais Barato",3386614,5623777,"Fotos Couchê 250g Verniz Total Frente 10x15cm | 14,9x9,94 cm - 4x0 - Couchê 250g - UV Total Frente - 1un",29102,43638,6,"Cliente","2022-01-04",435719,15,15,"PRESIDENTE PRUDENTE","São Paulo","SP"
"363","Mais Barato",3386614,5623780,"Fotos Couchê 250g Verniz Total Frente 10x15cm | 14,9x9,94 cm - 4x0 - Couchê 250g - UV Total Frente - 1un",29102,43638,6,"Cliente","2022-01-04",435719,15,15,"PRESIDENTE PRUDENTE","São Paulo","SP"
"364","Mais Barato",3388012,5625862,"Fotos Couchê 250g Verniz Total Frente 10x15cm | 14,9x9,94 cm - 4x0 - Couchê 250g - UV Total Frente - 1un",29102,43638,6,"Cliente","2022-01-05",435719,25,25,"PRESIDENTE PRUDENTE","São Paulo","SP"
"365","Mais Barato",3388012,5625865,"Fotos Couchê 250g Verniz Total Frente 10x15cm | 14,9x9,94 cm - 4x0 - Couchê 250g - UV Total Frente - 1un",29102,43638,6,"Cliente","2022-01-05",435719,25,25,"PRESIDENTE PRUDENTE","São Paulo","SP"
"366","Mais Barato",3390430,5629660,"Fotos Couchê 250g Verniz Total Frente 10x15cm | 14,9x9,94 cm - 4x0 - Couchê 250g - UV Total Frente - 1un",29102,43638,6,"Cliente","2022-01-08",435719,25,25,"PRESIDENTE PRUDENTE","São Paulo","SP"
"367","Mais Barato",3390430,5629663,"Fotos Couchê 250g Verniz Total Frente 10x15cm | 14,9x9,94 cm - 4x0 - Couchê 250g - UV Total Frente - 1un",29102,43638,6,"Cliente","2022-01-08",435719,15,15,"PRESIDENTE PRUDENTE","São Paulo","SP"
"368","Mais Barato",3392689,5633215,"Fotos Couchê 250g Verniz Total Frente 10x15cm | 14,9x9,94 cm - 4x0 - Couchê 250g - UV Total Frente - 1un",29102,142684,6,"Cliente","2022-01-11",435716,10,11,"PARANAGUA","Paraná","PR"
"369","Mais Barato",3395533,5637754,"Fotos Couchê 250g Verniz Total Frente 10x15cm | 14,9x9,94 cm - 4x0 - Couchê 250g - UV Total Frente - 1un",29102,43638,6,"Cliente","2022-01-13",435719,20,20,"PRESIDENTE PRUDENTE","São Paulo","SP"
"370","Mais Barato",3395533,5637757,"Fotos Couchê 250g Verniz Total Frente 10x15cm | 14,9x9,94 cm - 4x0 - Couchê 250g - UV Total Frente - 1un",29102,43638,6,"Cliente","2022-01-13",435713,5,6,"PRESIDENTE PRUDENTE","São Paulo","SP"
"371","Mais Barato",3398116,5642032,"Fotos Couchê 250g Verniz Total Frente 10x15cm | 14,9x9,94 cm - 4x0 - Couchê 250g - UV Total Frente - 1un",29102,43638,6,"Cliente","2022-01-17",435719,20,20,"PRESIDENTE PRUDENTE","São Paulo","SP"
"372","Mais Barato",3399748,5644768,"Fotos Couchê 250g Verniz Total Frente 10x15cm | 14,9x9,94 cm - 4x0 - Couchê 250g - UV Total Frente - 1un",29102,80092,6,"Cliente","2022-01-18",435722,30,28.5,"MARILIA","São Paulo","SP"
"373","Mais Barato",3399781,5644834,"Fotos Couchê 250g Verniz Total Frente 10x15cm | 14,9x9,94 cm - 4x0 - Couchê 250g - UV Total Frente - 1un",29102,43638,6,"Cliente","2022-01-18",435719,15,15,"PRESIDENTE PRUDENTE","São Paulo","SP"
"374","Mais Barato",3404710,5653351,"Fotos Couchê 250g Verniz Total Frente 10x15cm | 14,9x9,94 cm - 4x0 - Couchê 250g - UV Total Frente - 1un",29102,43638,6,"Cliente","2022-01-22",435713,5,6,"PRESIDENTE PRUDENTE","São Paulo","SP"
"375","Mais Barato",3415783,5671438,"Fotos Couchê 250g Verniz Total Frente 15x21cm | 15x21 cm - 4x0 - Couchê 250g - UV Total Frente - 1un",29099,43638,6,"Cliente","2022-02-02",435695,5,13.25,"PRESIDENTE PRUDENTE","São Paulo","SP"
"376","Mais Barato",3418276,5675554,"Fotos Couchê 250g Verniz Total Frente 10x15cm | 14,9x9,94 cm - 4x0 - Couchê 250g - UV Total Frente - 1un",29102,43638,6,"Cliente","2022-02-04",435722,30,33,"PRESIDENTE PRUDENTE","São Paulo","SP"
"377","Mais Barato",3422254,5681914,"Fotos Couchê 250g Verniz Total Frente 10x15cm | 14,9x9,94 cm - 4x0 - Couchê 250g - UV Total Frente - 1un",29102,43638,6,"Cliente","2022-02-09",435719,20,24,"PRESIDENTE PRUDENTE","São Paulo","SP"
"378","Mais Barato",3423295,5683504,"Fotos Couchê 250g Verniz Total Frente 10x15cm | 14,9x9,94 cm - 4x0 - Couchê 250g - UV Total Frente - 1un",29102,43638,6,"Cliente","2022-02-10",435716,10,13,"PRESIDENTE PRUDENTE","São Paulo","SP"
"379","Mais Barato",3424111,5684911,"Fotos Couchê 250g Verniz Total Frente 10x15cm | 14,9x9,94 cm - 4x0 - Couchê 250g - UV Total Frente - 1un",29102,43638,6,"Cliente","2022-02-10",435722,30,33,"PRESIDENTE PRUDENTE","São Paulo","SP"
"380","Mais Barato",3425572,5687353,"Fotos Couchê 250g Verniz Total Frente 10x15cm | 14,9x9,94 cm - 4x0 - Couchê 250g - UV Total Frente - 1un",29102,43638,6,"Cliente","2022-02-13",435722,35,38.5,"PRESIDENTE PRUDENTE","São Paulo","SP"
"381","Mais Barato",3426958,5689504,"Fotos Couchê 250g Verniz Total Frente 10x15cm | 14,9x9,94 cm - 4x0 - Couchê 250g - UV Total Frente - 1un",29102,94069,6,"Cliente","2022-02-14",435722,30,33,"ITAUNA","Minas Gerais","MG"
"382","Paulista",1955950,3040123,"Fotos Couchê 250g Verniz Total Frente 15x21cm | 15x21 cm - 4x0 - Couchê 250g - UV Total Frente - 1un",29099,202594,6,"Cliente","2021-05-05",435695,5,8.8,"SAO PAULO","São Paulo","SP"
"383","Paulista",1987675,3090484,"Fotos Couchê 250g Verniz Total Frente 15x21cm | 15x21 cm - 4x0 - Couchê 250g - UV Total Frente - 1un",29099,211249,6,"Cliente","2021-06-18",435695,5,8.8,"VARZEA PAULISTA","São Paulo","SP"
"384","Paulista",1988305,3091501,"Fotos Couchê 250g Verniz Total Frente 10x15cm | 14,9x9,94 cm - 4x0 - Couchê 250g - UV Total Frente - 1un",29102,211234,6,"Cliente","2021-06-21",435722,50,35.5,"NATAL","Rio Grande do Norte","RN"
"385","Paulista",1988305,3091504,"Fotos Couchê 250g Verniz Total Frente 10x15cm | 14,9x9,94 cm - 4x0 - Couchê 250g - UV Total Frente - 1un",29102,211234,6,"Cliente","2021-06-21",435722,50,35.5,"NATAL","Rio Grande do Norte","RN"
"386","Paulista",1999699,3110443,"Fotos Couchê 250g Verniz Total Frente 10x15cm | 14,9x9,94 cm - 4x0 - Couchê 250g - UV Total Frente - 1un",29102,201355,6,"Cliente","2021-07-06",435719,29,22.33,"SAO PAULO","São Paulo","SP"
"387","Paulista",2012515,3131368,"Fotos Couchê 250g Verniz Total Frente 10x15cm | 14,9x9,94 cm - 4x0 - Couchê 250g - UV Total Frente - 1un",29102,207307,6,"Cliente","2021-07-22",435722,38,26.98,"RIO DE JANEIRO","Rio de Janeiro","RJ"
"388","Paulista",2026600,3153943,"Fotos Couchê 250g Verniz Total Frente 10x15cm | 14,9x9,94 cm - 4x0 - Couchê 250g - UV Total Frente - 1un",29102,75879,6,"Cliente","2021-08-11",435728,199,109.45,"SAO PAULO","São Paulo","SP"
"389","Paulista",2032618,3163504,"Fotos Couchê 250g Verniz Total Frente 10x15cm | 14,9x9,94 cm - 4x0 - Couchê 250g - UV Total Frente - 1un",29102,208672,6,"Cliente","2021-08-18",435713,5,4.4,"SUZANO","São Paulo","SP"
"390","Paulista",2046361,3185713,"Fotos Couchê 250g Verniz Total Frente 10x15cm | 14,9x9,94 cm - 4x0 - Couchê 250g - UV Total Frente - 1un",29102,216340,6,"Cliente","2021-09-06",435713,7,6.37,"SOROCABA","São Paulo","SP"
"391","Paulista",2062381,3211285,"Fotos Couchê 250g Verniz Total Frente 10x15cm | 14,9x9,94 cm - 4x0 - Couchê 250g - UV Total Frente - 1un",29102,213979,6,"Cliente","2021-09-27",435713,8,7.28,"DUQUE DE CAXIAS","Rio de Janeiro","RJ"
"392","Paulista",2151202,3350185,"Fotos Couchê 250g Verniz Total Frente 10x15cm | 14,9x9,94 cm - 4x0 - Couchê 250g - UV Total Frente - 1un",29102,223294,6,"Cliente","2022-02-15",435713,5,7,"UBATUBA","São Paulo","SP"
"393","Cores",376774,673618,"Fotos Couchê 250g Verniz Total Frente 15x21cm | 15x21 cm - 4x0 - Couchê 250g - UV Total Frente - 1un",29099,42748,6,"Cliente","2021-03-24",435698,10,15,"TERESOPOLIS","Rio de Janeiro","RJ"
"394","Cores",376774,673621,"Fotos Couchê 250g Verniz Total Frente 10x15cm | 14,9x9,94 cm - 4x0 - Couchê 250g - UV Total Frente - 1un",29102,42748,6,"Cliente","2021-03-24",435716,10,7.5,"TERESOPOLIS","Rio de Janeiro","RJ"
"395","Cores",379780,679162,"Fotos Couchê 250g Verniz Total Frente 10x15cm | 14,9x9,94 cm - 4x0 - Couchê 250g - UV Total Frente - 1un",29102,76240,6,"Cliente","2021-04-09",435713,5,4,"GUARULHOS","São Paulo","SP"
"396","Cores",385174,689827,"Fotos Couchê 250g Verniz Total Frente 15x21cm | 15x21 cm - 4x0 - Couchê 250g - UV Total Frente - 1un",29099,71041,6,"Cliente","2021-05-05",435704,50,99.5,"RIO DE JANEIRO","Rio de Janeiro","RJ"
"397","Cores",417334,753544,"Fotos Couchê 250g Verniz Total Frente 10x15cm | 14,9x9,94 cm - 4x0 - Couchê 250g - UV Total Frente - 1un",29102,59548,6,"Cliente","2021-09-20",435713,9,9.18,"RIO DE JANEIRO","Rio de Janeiro","RJ"
"398","Cores",417334,753547,"Fotos Couchê 250g Verniz Total Frente 10x15cm | 14,9x9,94 cm - 4x0 - Couchê 250g - UV Total Frente - 1un",29102,59548,6,"Cliente","2021-09-20",435713,9,9.18,"RIO DE JANEIRO","Rio de Janeiro","RJ"
"399","Cores",417334,753550,"Fotos Couchê 250g Verniz Total Frente 10x15cm | 14,9x9,94 cm - 4x0 - Couchê 250g - UV Total Frente - 1un",29102,59548,6,"Cliente","2021-09-20",435713,9,9.18,"RIO DE JANEIRO","Rio de Janeiro","RJ"
"400","Cores",417334,753553,"Fotos Couchê 250g Verniz Total Frente 10x15cm | 14,9x9,94 cm - 4x0 - Couchê 250g - UV Total Frente - 1un",29102,59548,6,"Cliente","2021-09-20",435713,9,9.18,"RIO DE JANEIRO","Rio de Janeiro","RJ"
"401","Cores",421267,760915,"Fotos Couchê 250g Verniz Total Frente 10x15cm | 14,9x9,94 cm - 4x0 - Couchê 250g - UV Total Frente - 1un",29102,91093,6,"Cliente","2021-10-06",435713,5,5.85,"ARCOVERDE","Pernambuco","PE"
"402","Cores",421267,760918,"Fotos Couchê 250g Verniz Total Frente 10x15cm | 14,9x9,94 cm - 4x0 - Couchê 250g - UV Total Frente - 1un",29102,91093,6,"Cliente","2021-10-06",435713,5,5.85,"ARCOVERDE","Pernambuco","PE"
"403","Cores",426031,769903,"Fotos Couchê 250g Verniz Total Frente 10x15cm | 14,9x9,94 cm - 4x0 - Couchê 250g - UV Total Frente - 1un",29102,91093,6,"Cliente","2021-10-28",435716,10,11.7,"ARCOVERDE","Pernambuco","PE"
"404","Cores",426031,769906,"Fotos Couchê 250g Verniz Total Frente 10x15cm | 14,9x9,94 cm - 4x0 - Couchê 250g - UV Total Frente - 1un",29102,91093,6,"Cliente","2021-10-28",435716,10,11.7,"ARCOVERDE","Pernambuco","PE"
"405","Cores",426031,769909,"Fotos Couchê 250g Verniz Total Frente 10x15cm | 14,9x9,94 cm - 4x0 - Couchê 250g - UV Total Frente - 1un",29102,91093,6,"Cliente","2021-10-28",435716,10,11.7,"ARCOVERDE","Pernambuco","PE"
"406","Cores",426031,769912,"Fotos Couchê 250g Verniz Total Frente 10x15cm | 14,9x9,94 cm - 4x0 - Couchê 250g - UV Total Frente - 1un",29102,91093,6,"Cliente","2021-10-28",435716,10,11.7,"ARCOVERDE","Pernambuco","PE"
"407","Cores",426031,769915,"Fotos Couchê 250g Verniz Total Frente 10x15cm | 14,9x9,94 cm - 4x0 - Couchê 250g - UV Total Frente - 1un",29102,91093,6,"Cliente","2021-10-28",435716,10,11.7,"ARCOVERDE","Pernambuco","PE"
"408","Cores",426031,769918,"Fotos Couchê 250g Verniz Total Frente 10x15cm | 14,9x9,94 cm - 4x0 - Couchê 250g - UV Total Frente - 1un",29102,91093,6,"Cliente","2021-10-28",435716,10,11.7,"ARCOVERDE","Pernambuco","PE"
"409","Cores",426031,769921,"Fotos Couchê 250g Verniz Total Frente 15x21cm | 15x21 cm - 4x0 - Couchê 250g - UV Total Frente - 1un",29099,91093,6,"Cliente","2021-10-28",435698,12,28.32,"ARCOVERDE","Pernambuco","PE"
"410","Cores",426031,769924,"Fotos Couchê 250g Verniz Total Frente 15x21cm | 15x21 cm - 4x0 - Couchê 250g - UV Total Frente - 1un",29099,91093,6,"Cliente","2021-10-28",435698,12,28.32,"ARCOVERDE","Pernambuco","PE"
"411","Cores",426031,769927,"Fotos Couchê 250g Verniz Total Frente 15x21cm | 15x21 cm - 4x0 - Couchê 250g - UV Total Frente - 1un",29099,91093,6,"Cliente","2021-10-28",435698,12,28.32,"ARCOVERDE","Pernambuco","PE"
"412","Cores",426031,769930,"Fotos Couchê 250g Verniz Total Frente 15x21cm | 15x21 cm - 4x0 - Couchê 250g - UV Total Frente - 1un",29099,91093,6,"Cliente","2021-10-28",435698,12,28.32,"ARCOVERDE","Pernambuco","PE"
"413","Cores",426031,769933,"Fotos Couchê 250g Verniz Total Frente 15x21cm | 15x21 cm - 4x0 - Couchê 250g - UV Total Frente - 1un",29099,91093,6,"Cliente","2021-10-28",435698,12,28.32,"ARCOVERDE","Pernambuco","PE"
"414","Cores",430981,779362,"Fotos Couchê 250g Verniz Total Frente 10x15cm | 14,9x9,94 cm - 4x0 - Couchê 250g - UV Total Frente - 1un",29102,58366,6,"Cliente","2021-11-19",435722,40,52,"DOM ELISEU","Pará","PA"
"415","Cores",433441,783670,"Fotos Couchê 250g Verniz Total Frente 10x15cm | 14,9x9,94 cm - 4x0 - Couchê 250g - UV Total Frente - 1un",29102,58366,6,"Cliente","2021-11-30",435716,10,13,"DOM ELISEU","Pará","PA"
"416","Cores",439528,793954,"Fotos Couchê 250g Verniz Total Frente 15x21cm | 15x21 cm - 4x0 - Couchê 250g - UV Total Frente - 1un",29099,91168,6,"Cliente","2022-01-08",435698,14,30.8,"ALTA FLORESTA","Mato Grosso","MT"
"417","Cores",446608,806236,"Fotos Couchê 250g Verniz Total Frente 10x15cm | 14,9x9,94 cm - 4x0 - Couchê 250g - UV Total Frente - 1un",29102,93616,6,"Cliente","2022-02-16",435725,100,105,"IGUABA GRANDE","Rio de Janeiro","RJ"
